N;Localite;Longitude;Latitude;Prof_Tle;Debit
1;GARO;"00째03'5""E";"11째02'5""";34;10,28
2;SAFOBE;"00째07'4""E";"11째02'4""";41;6,8
3;NASSABLE;"00째07'2""E";"11째01'4""";44,5;1,2
4;TONGA;"00째02'5""E";"11째00'3""";37,1;10,28
5;TIMBOU;"00째06'4""E";"11째01'4""";44;8
6;CINKASSE CENTRE;"00째02'2""E";"11째05'5""";41,6;5,2
7;TABI;"00째04'3""E";"11째05'5""";32,6;3,6
8;TCHIMBIANGBONGUE;"00째06'3""E";"10째59'3""";56,65;1,7
9;DATOULONTE;"00째07'5""E";"10째59'2""";35,7;4,2
10;GNOAGA CENTRE;"00째05'4""W";"11째06'1""";45,14;6
11;GOULOUNGOUSSI;"00째06'0""W";"11째07'1""";32,95;2
12;GOULOUNGOUSSI;"00째06'2""W";"11째07'0""";29;1,5
13;SAM-NABA;"00째10'0""E";"11째04'1""";29;32
14;CINKASSE CENTRE;"00째00'5""E";"11째06'2""";35,7;10
15;CINKASSE CENTRE;"00째01'1""E";"11째06'1""";45;2,52
16;CINKASSE CENTRE;"00째00'4""E";"11째06'2""";47;8
17;CINKASSE CENTRE;"00째00'4""E";"11째06'0""";35,5;6
18;CINKASSE CENTRE;"00째00'4""E";"11째06'4""";65;0,8
19;KARBIEGA  II;"00째03'0""E";"11째04'5""";53,65;5,7
20;BOADE CENTRE;"00째03'5""W";"11째07'0""";51;1,75
21;BOADE CENTRE;"00째04'4""W";"11째06'5""";31;45
22;KONDJORE  I;"00째04'1""E";"11째04'5""";69,1;1,6
23;ZOAMISSI;"00째03'1""W";"11째05'3""";50,9;1,88
24;NADJOUNDI CENTRE;"00째11'3""E";"11째00'4""";50,7;13
25;NADJONDORE;"00째11'0""E";"11째00'3""";68,07;1,2
26;SANKARGOU;"00째07'5""E";"11째00'4""";38;9
27;GABONI;"00째05'4""E";"11째05'0""";46,73;2,5
28;KOMILOIGA;"00째00'0""E";"11째06'3""";29;6
29;KARMONTONGUE;"00째05'4""E";"11째02'4""";32;6
30;YORGOU;"00째07'0""E";"11째02'2""";29;4,5
31;TIMBOU;"00째06'2""E";"11째02'1""";41;1
32;NASSIEGOU;"00째07'3""E";"11째04'4""";49,87;3,39
33;SOUKOUDOUME;"00째07'5""E";"11째01'3""";32;12
34;SAMOMONI;"00째01'4""E";"11째03'0""";29;6
35;KPINDJIEME;"00째01'4""E";"11째02'3""";32;6
36;YOAKPATE;"00째03'0""E";"11째02'3""";44;1
37;NAMBEAUTIBE;"00째04'0""E";"11째01'5""";29;6
38;GNAPOUK;"00째04'3""E";"11째00'1""";31,01;3,6
39;SAWARDJOAGA  II;"00째03'3""E";"11째00'2""";60;0
40;KALAO;"00째05'2""E";"11째00'4""";380;3
41;YIEGO;"00째01'5""E";"11째06'0""";36;3,6
42;PISSOSGO;"00째00'3""E";"11째05'4""";38;1,5
43;TAMPILEGO;"00째02'0""E";"11째06'2""";45,2;3,6
44;SEGNABIN;"00째00'2""E";"11째06'1""";47,7;4,5
45;PIZOSGA;"00째07'3""E";"11째02'2""";47;3
46;SOLNABE;"00째05'4""E";"11째01'5""";41;6
47;KPANDJOARE  II;"00째04'5""E";"11째02'2""";40,12;4,5
48;KPEGUEDJENTE;"00째07'1""E";"11째01'0""";40,12;4
49;BONDANTCHALE;"00째09'3""E";"11째02'4""";51,25;3
50;CINKASSE CENTRE;"00째00'3""E";"11째06'4""";44;4,5
51;CINKASSE CENTRE;"00째00'3""E";"11째06'4""";44;4,5
52;BARGONE;"00째01'1""E";"11째04'3""";59,33;1,3
53;GARO;"00째04'0""E";"11째02'5""";52;1,82
54;SAFOBE II;"00째07'3""E";"11째02'5""";56;7,1
55;NANSONGUE;"00째12'0""E";"11째00'2""";66,83;2,8
56;NADJOUNDI CENTRE;"00째11'1""E";"11째00'2""";58;2,52
57;PILOGOU CENTRE;"00째12'3""E";"11째01'2""";59,57;7,2
58;BABIGOU;"00째11'2""E";"11째02'5""";52;8,47
59;LONLONGOU;"00째07'5""E";"11째00'0""";53;3,21
60;LIYATIALOU;"00째05'4""E";"10째59'4""";52;7,33
61;TIMANGUE;"00째11'1""E";"10째58'5""";53,92;4,5
62;NAMOUDJOATE;"00째10'1""E";"11째01'2""";55;7,88
63;QUARTIER MOSSI;"00째11'4""E";"11째02'1""";42,56;8,41
64;BABIKPERGOU;"00째11'2""E";"11째03'2""";55,46;1
65;BABIGOU;"00째10'5""E";"11째03'0""";61,57;0,81
66;SANKARGOU;"00째08'0""E";"11째00'4""";61,48;4,3
67;CINKASSE CENTRE;"00째00'5""E";"11째06'0""";;
68;LONLONGOU;"00째08'1""E";"11째00'1""";;
69;CINKASSE CENTRE;"00째01'0""E";"11째05'5""";51,31;1
70;CINKASSE CENTRE;"00째00'5""E";"11째06'3""";39,45;7,1
71;CINKASSE CENTRE;"00째00'3""E";"11째06'3""";39;5
72;DJALONTOUGOU;"00째07'3""E";"10째59'4""";;
73;BONDANTCHALE;"00째09'4""E";"11째02'3""";42,07;8,5
74;TINTODIGUINE  I;"00째10'1""E";"11째04'3""";60,5;0,8
75;NATINGA;"00째09'3""E";"11째04'4""";;
76;MAMPOATE MOBA;"00째02'1""E";"11째01'3""";;
77;DJEGUENE;"00째12'5""E";"10째59'5""";;
78;TAMPILEGO;"00째02'2""E";"11째06'1""";;
79;CINKASSE CENTRE;"00째02'2""E";"11째05'3""";;
80;CINKASSE CENTRE;"00째01'1""E";"11째05'5""";;
81;CINKASSE CENTRE;"00째01'0""E";"11째05'4""";;
82;PISSOSGO;"00째00'3""E";"11째05'5""";60;2,2
83;SAM-NABA;"00째09'4""E";"11째03'3""";37,64;16
84;QUARTIER MOSSI;"00째11'1""E";"11째01'0""";;
85;LIYATIALOU;"00째06'0""E";"10째59'5""";;
86;BABIDJOAL;"00째11'2""E";"11째03'5""";;
87;WIOGUE;"00째04'2""E";"11째06'1""";;
88;KARBIEGA  II;"00째03'1""E";"11째05'0""";;
89;NALONGUE;"00째10'0""E";"10째59'5""";;
90;GABONI;"00째05'3""E";"11째04'4""";;
91;KONDJORE  I;"00째03'3""E";"11째03'4""";;
92;GNAPOUK;"00째04'4""E";"11째00'1""";;
93;TABI;"00째04'5""E";"11째05'4""";42,82;3,6
94;NASSABLE;"00째07'0""E";"11째01'4""";;
95;SAWARDJOAGA   I;"00째03'3""E";"11째00'4""";63;2,24
96;SAFOBE II;"00째07'2""E";"11째03'0""";77;2,8
97;YORGOU;"00째07'1""E";"11째02'1""";60;3,5
98;TODJENGUE;"00째12'4""E";"11째00'4""";54;3,6
99;NADJOUNDI CENTRE;"00째11'2""E";"11째00'2""";;
100;GABONGBONGUE;"00째04'1""E";"11째01'0""";50;
101;KALKANTIDE (CALGUANTIDI);"00째06'1""E";"11째01'4""";46,2;2,7
102;PIZOSGA;"00째07'5""E";"11째02'1""";45,3;9,9
103;SAWARDJOAGA   I;"00째03'3""E";"11째00'5""";44;7,5
104;KARMONTONGUE;"00째05'5""E";"11째02'1""";43;0,7
105;CINKASSE CENTRE;"00째01'0""E";"11째05'2""";;
106;CINKASSE CENTRE;"00째02'2""E";"11째05'4""";;
107;BABIGOU;"00째11'5""E";"11째03'1""";;
108;MAMPOATE MOBA;"00째02'1""E";"11째01'1""";;
109;SANKARGOU;"00째08'1""E";"11째00'5""";;
110;SANKARGOU;"00째08'1""E";"11째01'0""";;
111;NADJOUNDI;"00째11'1""E";"11째00'1""";60,13;0,277
112;NADJOUNDI;"00째11'1""E";"11째00'2""";71,63;
113;KPEGUEDJENTE;"00째07'0""E";"11째05'0""";42,6;9
114;KANGBE;"00째03'1""E";"11째01'4""";42,77;9
115;TONGA;"00째03'0""E";"11째00'5""";42,77;7,2
116;TAMONDJORE;"00째09'1""E";"10째59'4""";41,71;9,2
117;KORENZOAGA  I;"00째05'5""W";"11째07'4""";45,8;2,25
118;NATINGA;"00째06'1""W";"11째06'5""";70,28;0,24
119;BABIDJOAL;"00째11'2""E";"11째03'5""";45,82;1,125
120;PILOUGOU-CENTRE;"00째12'0""E";"11째01'1""";45,95;16
121;NADJOUNDI;"00째11'1""E";"11째00'2""";42,78;
122;NATINGA;"00째06'1""W";"11째07'0""";41,46;4,5
123;KODINZOAGA  II;"00째06'5""W";"11째07'5""";32,48;2,571
124;LONLONGOU;"00째07'4""E";"11째00'3""";52,12;7
125;TINTODIGUINE  I;"00째11'4""E";"11째01'3""";42,77;6
126;GBATEMANOU;"00째02'4""E";"11째01'5""";43,18;21,6
127;YOAKPATE;"00째02'5""E";"11째03'0""";61,3;3,4
128;MAMPOATE MOBA;"00째02'2""E";"11째01'3""";49,27;24
129;GABONGBONGUE;"00째04'0""E";"11째00'5""";49,32;8,1
130;SAWARDJOAGA  II;"00째03'3""E";"11째00'2""";85,82;0,3
131;KANGETCHOAKE;"00째03'2""E";"11째01'5""";61,44;5,8
132;GARO;"00째03'4""E";"11째02'5""";43,23;16,2
133;SAMOMONI;"00째01'3""E";"11째03'1""";61,57;6,48
134;BOADE CENTRE;"00째03'4""W";"11째06'4""";55,38;1,8
135;KORENZOAGA  I;"00째05'4""W";"11째07'4""";79,91;20,2
136;CINKASSE CENTRE;"00째01'2""E";"11째05'5""";55,34;6,4
137;GOULOUNGOUSSI;"00째06'5""W";"11째06'1""";73,71;0,15
138;BABIGOU;"00째10'3""E";"11째02'5""";61,43;7,2
139;SAM-NABA;"00째09'2""E";"11째04'4""";98,08;2
140;NAMOUDJOATE;"00째11'1""E";"11째03'2""";55,39;1,714
141;SAFOBE II;"00째07'3""E";"11째03'2""";61,55;9
142;NASSIEGOU;"00째06'5""E";"11째05'0""";61,46;3
143;DATOULONTE;"00째08'2""E";"10째59'1""";61,43;12,6
144;DATOULONTE;"00째08'4""E";"10째59'1""";61,52;10,8
145;TIMBOU;"00째06'5""E";"11째01'5""";61,35;32,4
146;TCHIMBIANGBONGUE;"00째06'5""E";"10째59'4""";73,74;0,45
147;TCHIMBIANGBONGUE;"00째06'5""E";"10째59'4""";55,45;3,276
148;LONLONGOU;"00째08'0""E";"10째59'5""";73,58;5,8
149;NANLONGUE I;"00째10'0""E";"11째00'1""";49,32;1,3
150;BONDANTCHALE;"00째09'2""E";"11째02'4""";61,55;21,6
151;GARO;"00째04'2""E";"11째03'1""";61,47;0,75
152;LIYATIALOU;"00째05'3""E";"10째59'5""";43,27;1,333
153;NASSIEGOU;"00째06'5""E";"11째05'0""";;
154;FANWORGOU;"00째10'1""E";"11째01'2""";43,1;7,2
155;NANLONGUE I;"00째10'1""E";"11째00'1""";73,68;0,3
156;SAM-NABA;"00째09'4""E";"11째04'0""";51,65;4,9
157;NALONGUE;"00째10'0""E";"10째59'4""";67,66;8,1
158;MAMPOATE MOBA;"00째02'2""E";"11째01'2""";61,3;13,2
159;SAFOBE;"00째07'5""E";"11째02'5""";73,48;8,4
160;SAFOBE;"00째07'2""E";"11째02'5""";55,08;2,2
161;KONDJORE  I;"00째04'2""E";"11째04'4""";48,98;7,07
162;TIMBOU;"00째08'0""E";"10째59'1""";45,03;1,15
163;LONLONGOU;"00째08'4""E";"11째01'3""";52,31;19,8
164;KALAGOU;"00째07'5""E";"11째03'5""";42,37;14,85
165;GOULOUNGOUSSI;"00째07'0""W";"11째07'2""";55,02;2,32
166;BABIGOU;"00째11'0""E";"11째02'5""";54,11;1,8
167;BABIGOU;"00째12'2""E";"11째03'4""";61,41;18,36
168;NANSONGUE;"00째12'1""E";"11째00'2""";55,11;1,4
169;SAFOBE II;"00째07'4""E";"11째03'0""";73,52;0,747
170;SOUKOUDOUME;"00째08'0""E";"11째01'3""";60,83;1,36
171;FANWORGOU;"00째10'5""E";"11째01'4""";61,32;5,6
172;YOAKPATE;"00째03'0""E";"11째02'5""";61,33;9
173;TABI;"00째03'1""E";"11째05'2""";61,32;0,825
174;NAMOUDJOATE;"00째09'3""E";"11째01'3""";55,19;13
175;TABI;"00째04'5""E";"11째05'3""";53,4;6,48
176;NAMOUDJOATE;"00째10'2""E";"11째01'1""";;
177;LIYATIALOU;"00째06'0""E";"11째00'0""";;
178;SAFOBE;"00째07'3""E";"11째02'4""";37;4,3
179;BABIGOU;"00째11'5""E";"11째03'1""";43,17;0,8
180;KOKNOGO;"00째06'1""E";"11째07'0""";65,77;0,8
181;KASSOU;"00째02'4""W";"11째06'1""";48,97;2,7
182;KODINZOAGA;"00째05'4""W";"11째07'3""";64,1;2,25
183;TINTODIGUINE  II;"00째10'3""E";"11째04'0""";52;4,5
184;KALAO;"00째05'1""E";"11째00'4""";40;2,9
185;SILMISSI;"00째01'4""E";"11째06'1""";48,89;16,7
186;TANTCHIGO;"00째01'1""E";"11째04'2""";53;1,1
187;KODAGO;"00째02'2""E";"11째06'1""";43;3,3
188;YIEGO;"00째02'0""E";"11째06'0""";55,25;5,2
189;SEGNABIN;"00째00'1""E";"11째06'2""";49,42;8,1
190;HORIWOURI;"00째02'1""W";"11째06'5""";43,06;4,3
191;SAFOBE;"00째07'3""E";"11째02'3""";;
192;KARBIEGA I;"00째03'2""E";"11째04'2""";41,55;1,6
193;NATONE;"00째11'5""E";"10째55'3""";39,84;21
194;KPONGUEDJORE;"00째04'1""E";"11째04'2""";72,45;0,757
195;KANGETCHOAKE;"00째03'2""E";"11째02'0""";61,4;0,9
196;GARO;"00째03'4""E";"11째02'3""";39,86;16
197;TONGA;"00째03'1""E";"11째00'4""";39,52;6,2
198;NADJOUNDI CENTRE;"00째11'1""E";"10째59'5""";40;7,1
199;BOADE CENTRE;"00째04'3""W";"11째07'1""";39,84;1,8
200;GANGA  II;"00째04'2""W";"11째05'4""";39,85;1,8
201;GOULOUNGOUSSI;"00째06'5""W";"11째06'4""";39,91;12
202;WANRE;"00째06'0""W";"11째06'4""";42,01;2,4
203;KOUADGANGBANGOU;"00째12'1""E";"11째03'2""";42,97;2,7
204;NATONE;"00째11'3""E";"10째59'3""";43,21;1,378
205;TAMONDJORE;"00째09'1""E";"10째59'2""";85,72;0,952
206;YOAKPATE;"00째03'2""E";"11째02'3""";64,85;0,7
207;YOAKPATE;"00째03'0""E";"11째02'3""";50;12
208;HORIWOURI;"00째02'0""W";"11째07'0""";49,9;2,9
209;KASSOU;"00째02'5""W";"11째06'2""";44,82;1,5
210;BOADE CENTRE;"00째04'0""W";"11째05'2""";44,96;0,9
211;ZOUMBEKO;"00째07'4""W";"11째06'5""";49,9;1,3
212;KOKNOGO;"00째06'2""W";"11째07'0""";49,84;1,2
213;KOULTAMSSE;"00째07'5""W";"11째07'5""";54,78;0,9
214;NANSONGUE;"00째12'1""E";"11째00'1""";49,86;3,18
215;SAM-NABA;"00째10'0""E";"11째04'0""";49,98;0,8
216;SAM-NABA;"00째09'2""E";"11째03'4""";79,09;0,9
217;SAM-NABA;"00째09'2""E";"11째03'4""";89,85;0
218;TIMBOU;"00째06'3""E";"10째59'4""";54,8;10,876
219;TABI;"00째05'0""E";"11째05'1""";49,2;18
220;KONDJORE  I;"00째04'0""E";"11째04'5""";59,75;15
221;GARO;"00째11'5""E";"10째53'1""";69,89;0
222;NANLONGUE I;"00째10'0""E";"11째00'3""";85,07;
223;FANWORGOU;"00째11'0""E";"11째01'4""";;
224;PISSOSGO;"00째00'3""E";"11째05'2""";56,26;9,25
225;BOADE CENTRE;"00째04'3""W";"11째06'3""";79,5;
226;NADJOUNDI CENTRE;"00째12'4""E";"11째01'2""";64,8;
227;TAMBATE;"00째37'3""E";"10째53'5""";;
228;BATEBOGOU;"00째21'0""E";"10째43'0""";39,5;0,63
229;DJAMBENGOU;"00째21'3""E";"10째43'1""";81,05;0,85
230;KANKANGOU II;"00째23'0""E";"10째40'1""";45,95;4
231;BAMBORE;"00째39'2""E";"10째55'4""";77,93;1,6
232;ZONGO-LIMAM;"00째34'2""E";"10째45'2""";35,1;4
233;BOMBENGOU;"00째31'0""E";"10째44'4""";87;7,6
234;BOMBENGOU;"00째31'3""E";"10째44'4""";41,1;12
235;KPAPORGA;"00째33'2""E";"10째44'4""";41,1;4
236;NATCHOUNTCHALE;"00째24'5""E";"10째51'3""";44;12
237;TAMBATE;"00째30'3""E";"10째56'2""";35;1,5
238;NAYEGA;"00째24'4""E";"10째44'0""";30;6
239;NAYEGA;"00째25'4""E";"10째44'2""";41,1;3,5
240;OGARO;"00째27'2""E";"10째44'3""";81,15;2
241;NAKPATANGOU;"00째24'3""E";"10째46'0""";57,45;0,9
242;TAMONDJOARE;"00째22'3""E";"10째42'5""";29;1,5
243;TANTANTCHAL;"00째26'0""E";"10째52'2""";30,75;7,5
244;KOMPIT-BONG;"00째22'5""E";"10째56'2""";63;1,2
245;TOLONKARGA  II;"00째26'2""E";"10째57'1""";;
246;PAPRI - CENTRE;"00째25'1""E";"10째59'5""";;9
247;ZONGO I;"00째25'2""E";"10째59'3""";;9
248;SOG-BOGOU;"00째24'5""E";"10째52'2""";50;0,8
249;NAMOUNDJOGA;"00째23'2""E";"10째53'4""";43;9
250;KPEMBONLE;"00째24'1""E";"10째57'3""";51,15;0,9
251;NADJOUOT;"00째21'5""E";"10째53'5""";39,3;4,5
252;NABATIGA;"00째24'2""E";"10째54'1""";30;3,7
253;NAMBONGA;"00째23'3""E";"10째42'0""";;
254;FOBENGA;"00째21'4""E";"10째46'1""";58,95;0,967
255;DOLINGOU;"00째24'2""E";"10째47'1""";150,2;0,8
256;BONTOGBANGBANGOU;"00째29'4""E";"10째43'4""";60;0,9
257;DJABDJOARE;"00째37'3""E";"10째56'3""";52,6;10
258;DJABDJOARE;"00째37'1""E";"10째56'4""";42,6;7,5
259;KPENKANKANDI;"00째38'0""E";"10째59'3""";37,6;3
260;SANKORTCHAGOU;"00째36'5""E";"10째59'0""";31,7;3
261;TAMBIMA;"00째36'2""E";"10째57'5""";34,6;6
262;DJIBONLE;"00째33'5""E";"10째46'1""";31,5;9
263;DJABONLI;"00째28'0""E";"10째40'5""";50;6
264;NAKPATCHALE;"00째28'2""E";"10째40'4""";;
265;TANTAMBAGOU;"00째25'4""E";"10째53'1""";30;4,5
266;DJIMOMBEDE;"00째28'3""E";"10째40'2""";;
267;BOULDJOARE;"00째40'3""E";"10째50'0""";83;1,2
268;TAMBATE;"00째38'2""E";"10째56'4""";41;9
269;NAMBONGA;"00째23'2""E";"10째40'0""";73,65;0,9
270;NATCHAMBONGA;"00째38'2""E";"10째50'0""";;
271;SAWAGA;"00째24'1""E";"10째44'1""";67;1,2
272;MARGBAL;"00째34'4""E";"10째45'5""";55;7,5
273;NAYEGA;"00째24'2""E";"10째44'1""";68;1,1
274;NAMBONGA;"00째24'3""E";"10째39'5""";67;3,56
275;TITIAGOU;"00째21'3""E";"10째41'2""";;
276;KPATCHAL;"00째22'3""E";"10째49'4""";67;1,26
277;BONLOARE;"00째28'0""E";"10째42'1""";31;2,38
278;OKONTCHIOK;"00째30'2""E";"10째58'3""";52;8,2
279;ZONGO;"00째30'2""E";"10째58'2""";;
280;KPENDJAGA;"00째27'3""E";"10째43'0""";;
281;DJOAMON;"00째26'4""E";"10째42'0""";73;0,76
282;GALE;"00째23'0""E";"10째50'0""";;
283;SOGOU;"00째22'4""E";"10째46'0""";122,51;0,52
284;TCHAWALGOU;"00째26'2""E";"10째54'4""";37,88;22
285;DJIYEGA;"00째36'0""E";"10째50'2""";;
286;BOULBENLI;"00째26'3""E";"10째47'2""";83,75;3,026
287;POGNO;"00째30'1""E";"10째58'2""";60,49;0,9
288;DJAMOTIGA;"00째23'5""E";"10째42'3""";42,14;0,75
289;NAPAGOU;"00째30'5""E";"10째46'5""";24,03;2,5
290;KANKANGOU  I;"00째21'5""E";"10째40'2""";67,74;3,78
291;TAMOUNTCHAL;"00째22'5""E";"10째42'5""";55,12;0,8
292;NAKI-EST;"00째23'0""E";"10째43'4""";75,6;0,492
293;DJAMOTIGA;"00째24'0""E";"10째42'0""";;
294;NANYIBE;"00째23'3""E";"10째41'5""";89,51;2,333
295;NANYIBE;"00째23'0""E";"10째42'1""";79,8;2,527
296;NANISSOGUE;"00째24'0""E";"10째42'0""";70;0,847
297;MAMIDI-BAGOU;"00째23'3""E";"10째43'3""";52,7;
298;SAWAGA II;"00째24'0""E";"10째43'4""";;
299;KONANGOU;"00째27'2""E";"10째45'4""";92,13;1,7
300;SOTOCO;"00째30'2""E";"10째44'1""";;
301;NATONGOU I;"00째36'0""E";"10째46'2""";;
302;NATCHAMBONGA;"00째38'2""E";"10째50'0""";;
303;NATCHAMBONGA;"00째38'5""E";"10째49'1""";;
304;DJAPORE;"00째37'0""E";"10째54'1""";;
305;TCHIMOURI;"00째33'1""E";"10째56'2""";;
306;BANANGANDI;"00째33'1""E";"10째57'2""";;
307;SASSIEGA;"00째46'5""E";"10째52'3""";91,79;0,8
308;KPANDIMAGOU;"00째48'5""E";"10째51'0""";;
309;ZONGO;"00째49'0""E";"10째50'5""";;0,83
310;TOLONGOU  I;"00째48'5""E";"10째51'1""";55,05;3
311;BOULDJOARE;"00째40'1""E";"10째49'5""";;
312;SAGOU;"00째40'1""E";"10째49'5""";;
313;NALIANBAGA;"00째31'4""E";"10째45'2""";;
314;OPENGOU;"00째25'2""E";"10째44'2""";99,8;0,63
315;KANKANPIENI;"00째23'0""E";"10째49'1""";140;0,8
316;NATARE;"00째25'0""E";"10째48'4""";78,42;0,492
317;NAMBONGA;"00째25'0""E";"10째50'2""";;
318;TCHIAMONGA;"00째23'1""E";"10째51'2""";;
319;KOUAMPANTE;"00째24'5""E";"11째01'2""";;
320;DJAMOTIGA;"00째23'3""E";"10째42'2""";37;1,4
321;GABOUNOU;"00째26'0""E";"10째43'2""";70;1,8
322;ZONGO;"00째38'4""E";"10째56'3""";;
323;GALE;"00째23'2""E";"10째50'2""";;
324;NALOUATE;"00째22'1""E";"10째55'0""";;
325;DIGBANGBANGANGOU;"00째21'5""E";"10째54'2""";;
326;ZONGO;"00째26'1""E";"10째57'1""";;
327;KOMPIT-BONG;"00째22'5""E";"10째56'1""";;
328;KPEMBONA;"00째24'4""E";"10째57'5""";;
329;NAMOUNDJOGA;"00째23'4""E";"10째53'4""";32,65;8,2
330;NASSAGOU;"00째24'1""E";"10째52'5""";40;9
331;DJOAMON;"00째26'1""E";"10째43'1""";76,09;7,609
332;BOMBENGOU;"00째30'5""E";"10째44'1""";49;15
333;GALE;"00째23'3""E";"10째50'1""";97,7;0,9
334;GALE;"00째23'0""E";"10째50'1""";48,85;1,3
335;NAMOUNOU;"00째25'3""E";"11째00'3""";48,75;3
336;KOUAMPANTE;"00째24'3""E";"11째01'4""";36,25;1,2
337;TANKPAGLI;"00째26'0""E";"10째59'1""";34;6,5
338;TANKPAGLI;"00째26'0""E";"10째59'0""";36,68;3,3
339;KPENDJAGA;"00째24'5""E";"10째59'1""";42,68;4,8
340;SANKARGBONGBONGUE;"00째24'4""E";"10째59'2""";46,32;0,7
341;KPEMBONLE;"00째24'1""E";"10째57'4""";30,6;9
342;KPEMBOLE;"00째23'4""E";"10째58'1""";42,6;12
343;MONDOFOALI;"00째47'2""E";"10째51'3""";79,49;3
344;DJAMBENGOU;"00째21'4""E";"10째43'1""";38,7;0,8
345;TOLONKARGA  I;"00째27'1""E";"10째57'5""";45,02;4
346;EGABONGA;"00째29'2""E";"10째56'4""";;
347;GBANGA;"00째30'1""E";"10째56'5""";;
348;DJABDJOARE  I;"00째37'5""E";"10째56'3""";;
349;BIAGOU;"00째21'2""E";"10째41'3""";61,23;
350;YANYANE-DAKALFAM;"00째35'2""E";"10째47'5""";;
351;YANYANE-DAKALFAM;"00째35'1""E";"10째47'0""";;
352;KOMPIT-BONG;"00째23'0""E";"10째55'3""";35;
353;TANGBAMONTE;"00째23'4""E";"10째56'0""";35;1,8
354;NADOUNGOU I;"00째25'3""E";"10째56'3""";31,55;
355;BOULDJOARE;"00째40'1""E";"10째50'0""";;
356;SAWAGA;"00째23'4""E";"10째44'3""";79,65;0
357;SAWAGA;"00째23'3""E";"10째44'2""";79,75;0
358;NALOUATE;"00째22'3""E";"10째54'2""";40,41;1,45
359;NAYEGA;"00째24'3""E";"10째45'0""";71,95;0
360;SAWAGA;"00째23'3""E";"10째44'1""";71,85;0
361;DJANTCHOGOU;"00째47'3""E";"10째56'3""";60;1
362;SANLOAGA;"00째46'5""E";"10째58'1""";47;1,5
363;YIAGOU;"00째39'1""E";"10째43'1""";55;3
364;KOUNDJOARE;"00째36'3""E";"10째52'3""";43;0,5
365;SAWAGA;"00째23'5""E";"10째44'1""";80,95;0
366;NATARE;"00째25'2""E";"10째48'5""";;
367;NATATING;"00째26'0""E";"10째49'2""";;
368;GANLORE II;"00째19'2""E";"10째44'1""";59,11;0,8
369;TANTCHIAGOU;"00째21'3""E";"10째43'3""";37,1;1,422
370;NAKI-EST;"00째23'1""E";"10째44'0""";;
371;TAMONDJOARE;"00째20'1""E";"10째53'2""";43,44;5,657
372;GNIYARGOU;"00째24'0""E";"11째02'0""";44,68;0,72
373;NAMOUNDJOGA;"00째25'0""E";"10째52'3""";44,92;2,16
374;NAMOUNDJOGA;"00째23'5""E";"10째53'2""";44,85;12,8
375;KANKANGOU  I;"00째21'5""E";"10째40'2""";89,94;0
376;BIAGOU;"00째20'5""E";"10째41'2""";89,24;0,72
377;DJAMONBAGOU;"00째22'1""E";"10째43'3""";140,1;0
378;GALBAGOU;"00째27'5""E";"10째45'1""";51,13;0,7
379;GALPOLI;"00째28'1""E";"10째45'0""";42,15;8,742
380;KOUAMPANTE;"00째30'1""E";"10째44'3""";42,12;15,3
381;NATONGOU  II;"00째39'2""E";"10째46'5""";47,85;1,457
382;SAGUIDJOAGA;"00째40'5""E";"10째40'5""";49,81;1,654
383;KONTENGA;"00째43'3""E";"10째49'0""";59,85;1,02
384;NANTCHABKA;"00째40'2""E";"10째53'1""";113,03;0
385;KOUNDJOARE;"00째38'3""E";"10째56'3""";75,03;0,7
386;KOUNDJOARE;"00째38'4""E";"10째56'3""";60,97;1,53
387;TAMBATE;"00째38'4""E";"10째56'2""";80,85;0,7
388;KPENKANKANDI;"00째38'1""E";"10째59'3""";48,61;1,974
389;TAMBIMA;"00째36'1""E";"10째57'2""";64,77;0,72
390;KPAKPORGA;"00째45'3""E";"10째55'1""";60,83;0,7
391;NANTCHABKA;"00째40'2""E";"10째53'1""";54,83;0,7
392;TIMBENDI;"00째48'0""E";"10째49'1""";100;0
393;TOLONGOU  II;"00째49'1""E";"10째51'0""";45,5;1,542
394;KOUMPALI / TINDRIGOU;"00째46'5""E";"10째46'0""";35,91;0,8
395;DOUANLI;"00째50'5""E";"10째48'4""";157,48;0
396;BOMBENGOU;"00째30'5""E";"10째44'2""";48,7;2,88
397;NAYEGA;"00째24'5""E";"10째44'2""";48,64;1,928
398;NAYEGA;"00째24'3""E";"10째45'1""";109,73;0
399;BONTOGBANGBANGOU;"00째29'3""E";"10째43'4""";115,77;0,278
400;NAYEGA;"00째24'3""E";"10째45'1""";115,6;0
401;DJAMONBAGOU;"00째21'1""E";"10째43'3""";115,95;0
402;KANKANGOU  I;"00째21'5""E";"10째40'2""";116,85;0
403;TOPIENGA;"00째23'3""E";"10째57'1""";35,89;7,2
404;KOUTIDJOAGA;"00째22'5""E";"10째56'4""";35,89;7,2
405;NAYEGA;"00째24'3""E";"10째45'5""";44,89;0,705
406;SOGOU;"00째22'3""E";"10째45'5""";131,48;0,7
407;NALOUATE;"00째22'0""E";"10째55'4""";40,47;12,41
408;NALIENOU;"00째33'2""E";"10째45'3""";61,55;32,4
409;YIAGMOU;"00째39'3""E";"10째42'2""";79,8;1,7
410;KOUNDJOARE;"00째33'5""E";"10째53'2""";73,66;1,8
411;SANLOAGA;"00째47'2""E";"10째58'0""";61,34;0,65
412;TAMBATE;"00째39'0""E";"10째56'2""";79,85;1,4
413;TIGOU;"00째39'2""E";"10째56'1""";73,66;8,1
414;GNANLE;"00째39'3""E";"10째53'0""";;0,598
415;OGARO;"00째29'1""E";"10째44'4""";49,31;10,8
416;DJAPORE;"00째36'4""E";"10째54'3""";67,6;2,596
417;MANDOURI;"00째48'5""E";"10째50'4""";67,68;1,44
418;TAMBONGA;"00째26'2""E";"10째57'0""";61,43;6,48
419;KADEGLI;"00째25'4""E";"10째41'3""";79,9;1,4
420;TANTCHIAGOU;"00째24'2""E";"10째45'0""";130,62;0,63
421;OGARO;"00째28'0""E";"10째43'0""";130,44;0,818
422;GALBAGOU;"00째27'3""E";"10째45'1""";73,7;1,536
423;KONANGOU;"00째27'1""E";"10째45'4""";49,34;2,4
424;NAMATOUGOU;"00째30'5""E";"10째48'0""";61,6;2,4
425;BONTOGBANGBANGOU;"00째30'2""E";"10째44'3""";55,39;32,4
426;SANKORTCHAGOU;"00째37'1""E";"10째59'2""";61,46;6,4
427;OYEGOUGBANGBANG;"00째34'5""E";"10째46'2""";;
428;TAMBATE;"00째38'2""E";"10째56'2""";;
429;NALOUATE;"00째22'2""E";"10째56'0""";49,02;10
430;NAMOUNDJOGA;"00째22'0""E";"10째54'4""";48,74;12,9
431;DJABDJOARE  I;"00째38'0""E";"10째56'3""";55,18;0,618
432;MALGBANGOU;"00째27'2""E";"10째55'4""";55,16;2,72
433;KPAGNOILE;"00째26'1""E";"10째56'4""";49;10,55
434;TCHAWALGOU;"00째26'1""E";"10째55'2""";55,08;2
435;NAYEGA;"00째25'1""E";"10째44'5""";55,24;1,98
436;BOMBENGOU;"00째31'1""E";"10째44'4""";61,29;10,3
437;OGARO;"00째28'2""E";"10째44'4""";;
438;OGARO;"00째27'3""E";"10째44'3""";55,22;1,357
439;KPEMBONA;"00째25'3""E";"10째57'1""";55;2,4
440;DJABDJOARE  II;"00째37'2""E";"10째56'2""";49,03;9,9
441;DIELO;"00째32'1""E";"10째54'4""";59,91;0,45
442;KPEMPIGOU;"00째28'2""E";"10째44'1""";67,48;1
443;POGNO;"00째29'4""E";"10째56'1""";61,23;0,66
444;TCHIMOURI;"00째33'1""E";"10째56'2""";42,88;13,79
445;TAMBONGA;"00째26'0""E";"10째57'1""";42,88;2,7
446;KOUNDJOARE;"00째38'3""E";"10째56'3""";67,54;
447;TAMBONGA;"00째26'0""E";"10째57'0""";55,12;2,6
448;TCHIMOURI;"00째33'2""E";"10째56'0""";79,54;0,9
449;NAPAGOU;"00째32'2""E";"10째47'2""";;
450;BOMBENGOU;"00째31'1""E";"10째45'3""";61,29;10,3
451;NADANO;"00째28'3""E";"10째57'1""";48,98;1,95
452;POGNO;"00째30'1""E";"10째58'2""";43,26;2,7
453;BAGRE;"00째43'3""E";"10째52'3""";98,15;0,7
454;DONGA;"00째48'1""E";"10째48'5""";92,03;0,571
455;MANDOURI;"00째49'0""E";"10째50'4""";104,4;0,3
456;NATARE;"00째24'4""E";"10째48'5""";95,2;
457;PAPRI - CENTRE;"00째25'3""E";"10째59'3""";;
458;BIAGOU;"00째21'4""E";"10째41'1""";52,44;4,32
459;TANTCHIMOU;"00째23'5""E";"10째41'0""";74,3;1,4
460;TANTCHIMOU;"00째24'1""E";"10째41'1""";73,58;4,5
461;NAKPATANGOU;"00째24'3""E";"10째46'2""";50,15;3,9
462;NALOUATE  II;"00째22'5""E";"10째55'3""";66,5;3,9
463;MALGBANGOU;"00째28'4""E";"10째54'4""";53,52;3,4
464;YAMADJOAGA;"00째27'2""E";"10째55'4""";37,23;0,72
465;SOGOU;"00째22'4""E";"10째45'4""";123;
466;SANLOAGA;"00째47'1""E";"10째58'0""";;
467;SOG-BOGOU;"00째24'5""E";"10째52'1""";;
468;WALGOU;"00째39'5""E";"10째44'4""";;
469;KPENTENDJOAGA;"00째33'0""E";"10째47'1""";49,34;3
470;NAMBONGA;"00째24'4""E";"10째50'0""";37,24;4,864
471;KPEMPIAGOU;"00째19'5""E";"10째45'1""";88,16;6,171
472;DJABONLI;"00째27'4""E";"10째40'5""";78,45;1,8
473;NAMBONGA;"00째23'5""E";"10째40'2""";108;0,9
474;KADEGLI;"00째25'0""E";"10째41'4""";58,69;1,2
475;DJIPIENTAMBIGOU;"00째20'5""E";"10째47'1""";58,69;14,79
476;TAMBANGOU;"00째19'4""E";"10째48'0""";58,64;1,382
477;FOBENGA;"00째20'5""E";"10째45'3""";43,3;3,6
478;SANTONGOU;"00째24'3""E";"10째40'3""";40,3;16
479;SAMBEN FOANE;"00째34'2""E";"10째45'4""";130;1
480;GNANLE;"00째40'1""E";"10째51'5""";49,31;10,8
481;TIERGOU;"00째17'4""E";"10째45'5""";116,28;1,098
482;MALDJOARE;"00째39'2""E";"10째43'3""";87,78;0,939
483;BONTOGBANGBANGOU;"00째29'5""E";"10째43'3""";41,09;0,818
484;KONGBANLI;"00째24'5""E";"10째53'4""";79,95;0,65
485;DIELO;"00째32'0""E";"10째54'5""";40,15;1,5
486;SALIMBAGOU;"00째28'0""E";"11째00'4""";48,25;6,5
487;GBAMONTE;"00째27'3""E";"11째00'5""";42,67;10,8
488;NAPAGOU;"00째30'3""E";"10째47'2""";122,33;0,81
489;TITIAGOU;"00째21'1""E";"10째41'0""";110,16;4,205
490;NATONGOU  II;"00째37'2""E";"10째47'1""";85,73;0,8
491;TELIGA;"00째34'0""E";"10째54'3""";49,18;1,2
492;KPAPORGA;"00째33'3""E";"10째44'5""";49,12;1,2
493;KPAPORGA;"00째33'3""E";"10째45'0""";55,26;0,9
494;SAWAGA;"00째23'2""E";"10째44'0""";;
495;BOUMBOUNLI;"00째21'4""E";"10째43'5""";;
496;MALGBANGOU;"00째28'0""E";"10째55'1""";46,9;6
497;NAKPIEL;"00째25'0""E";"10째56'4""";58,2;12
498;DJAMOTIGA;"00째23'4""E";"10째42'1""";79,75;0,8
499;NAMBONGA;"00째23'5""E";"10째41'0""";85,73;1,2
500;BAGRE-TAMBIMA;"00째43'3""E";"10째52'4""";104,86;0,9
501;DONGA;"00째48'2""E";"10째48'5""";109,88;1,1
502;DJIYEGA;"00째34'3""E";"10째51'0""";91,95;0,8
503;NATCHAMBONGA CENTRE;"00째36'0""E";"10째50'2""";91,86;0,9
504;NAKPATANGOU;"00째24'4""E";"10째46'2""";91,86;3,9
505;TCHIMBIANGOU;"00째24'1""E";"10째56'5""";43,12;2
506;NADJOUOT;"00째21'4""E";"10째53'4""";;
507;BOANKARLE;"00째29'1""E";"10째55'2""";;
508;TALGAMBOUNDI;"00째14'2""E";"11째03'0""";39,61;2
509;DJAGOGA;"00째22'2""E";"10째57'3""";44,81;21
510;BONGONGONA;"00째23'4""E";"10째59'1""";42,77;6
511;GNIEMANGA;"00째30'2""E";"10째57'0""";37;6
512;BOUMBOUNLI;"00째21'4""E";"10째43'5""";70;0,9
513;TAMBONGA;"00째26'1""E";"10째57'1""";40,9;7,2
514;BOULGA;"00째27'1""E";"10째47'2""";40;2,07
515;GNINYARGOU;"00째22'5""E";"10째55'5""";40,9;16
516;KANKAMOMBIAGOU;"00째28'0""E";"10째51'4""";42;9
517;SANLOAGA;"00째46'5""E";"10째58'1""";40,18;7,2
518;BAGRE-TANTCHAL;"00째44'1""E";"10째52'0""";55,28;0,92
519;SAGUIDJOAGA;"00째40'5""E";"10째41'0""";74,8;0,72
520;TAMBATE;"00째38'4""E";"10째56'3""";43,23;6
521;KPEMBONA;"00째33'1""E";"10째54'4""";44,85;12
522;NALOUATE;"00째22'1""E";"10째55'5""";74,84;0,8
523;DIGBANGBANGANGOU;"00째21'4""E";"10째53'3""";49,79;3,6
524;KOUAMPANTE;"00째24'4""E";"11째01'2""";39,84;3,6
525;NAMOUNOU;"00째25'2""E";"11째00'3""";49,92;2
526;KPENDJAGA;"00째24'4""E";"10째59'1""";49,8;1,8
527;TOUMPORGOU I;"00째27'0""E";"10째58'5""";39,77;10
528;DJIGNIANDJOGA;"00째29'2""E";"11째00'0""";54,75;7,2
529;TOLONKARGA  I;"00째27'2""E";"10째57'4""";79,9;0
530;TOLONKARGA  II;"00째26'1""E";"10째57'2""";55;2,1
531;NALOUATE  II;"00째21'4""E";"10째55'2""";;2,2
532;TOLONKARGA  II;"00째26'1""E";"10째57'2""";;7,5
533;GALBAGOU;"00째27'5""E";"10째45'1""";;
534;BAGRE-TANTCHAL;"00째44'1""E";"10째52'0""";85,88;1
535;KANGOUNOU;"00째39'0""E";"09째59'5""";38,95;1,5
536;KANGOUNOU;"00째38'5""E";"09째59'4""";;
537;N'FOUTCHE;"00째39'0""E";"09째56'3""";;
538;N'FOUTCHE;"00째39'0""E";"09째56'0""";31,34;1,6
539;BARKOISSI;"00째17'5""E";"10째33'1""";47,1;1,6
540;TOSSARA;"00째18'5""E";"10째32'4""";80;1,75
541;DJE-BOURI;"00째45'3""E";"10째21'2""";57,33;11
542;KOUTOUCH;"00째46'0""E";"10째21'2""";;
543;NAMKPANA;"00째45'1""E";"10째20'5""";;
544;OUYOL;"00째45'1""E";"10째21'3""";62,25;3
545;NADAGA;"00째42'3""E";"10째26'2""";47;12,7
546;NASSIEGOU I;"00째18'4""E";"10째35'1""";;
547;NABAB 2;"00째19'1""E";"10째34'2""";;1,2
548;NADJIR;"00째15'4""E";"10째34'5""";41;33
549;NASSONGUE;"00째15'0""E";"10째34'3""";77;0,8
550;DANKOUR;"00째19'3""E";"10째36'1""";59;4
551;DANKOUR;"00째19'5""E";"10째37'3""";43,25;3
552;GALANGASHIE;"00째21'1""E";"10째30'2""";66;3
553;GALANGASHIE;"00째21'1""E";"10째30'3""";58;3
554;KADJITIERI  II;"00째23'4""E";"10째35'1""";41,2;2,2
555;MOGOU;"00째38'4""E";"10째23'2""";47;11,8
556;MOGOU;"00째39'0""E";"10째24'4""";46,16;3
557;MOGOU;"00째38'2""E";"10째23'0""";43;3
558;KOUGNIERI;"00째37'5""E";"10째21'1""";33;11,8
559;NAGBEKTI;"00째37'2""E";"10째24'3""";;
560;TAMONGA;"00째22'5""E";"10째35'2""";29,2;1,8
561;NAMOUBAGA II;"00째21'1""E";"10째38'3""";;1,2
562;KPEBONGA;"00째21'0""E";"10째37'2""";;3
563;BIAGA;"00째25'5""E";"10째38'0""";47;3,6
564;NAMONI;"00째44'4""E";"10째19'5""";51;8
565;NAMONI;"00째45'0""E";"10째19'3""";51;5
566;NAMONI;"00째44'4""E";"10째19'4""";53;13,3
567;KPAKPABOU;"00째27'1""E";"10째00'3""";59;13,3
568;TAKPAMBA;"00째34'1""E";"09째58'0""";47;13,3
569;TAKPAMBA;"00째34'3""E";"09째58'0""";47;4,4
570;DJANDJATIE;"00째33'4""E";"09째57'4""";35,1;3
571;LENIDO;"00째35'5""E";"09째56'5""";78,1;1,8
572;N'LIKPA;"00째34'1""E";"09째54'0""";47;13,3
573;KANGOUNOU;"00째38'3""E";"09째59'5""";47,5;3,026
574;KANGOUNOU;"00째38'1""E";"09째59'2""";;
575;BOULE;"00째47'3""E";"10째18'1""";;
576;NASSIKA;"00째44'2""E";"10째21'5""";65,2;3,085
577;DJE-DJABOU;"00째43'5""E";"10째19'1""";41;8,5
578;WOGOU;"00째41'4""E";"10째21'0""";44,6;2,6
579;DANWOGA;"00째43'3""E";"10째24'4""";53;12
580;KARBONGOU;"00째32'4""E";"09째58'4""";35;13
581;BARKOISSI;"00째18'1""E";"10째33'3""";35;
582;NANDJONKARGOU;"00째45'4""E";"10째18'2""";47;7,5
583;TCHAMONGA;"00째43'5""E";"10째33'2""";77;7
584;TCHAMONGA;"00째44'1""E";"10째33'4""";53;9
585;TAKPAPIENI;"00째52'0""E";"10째15'4""";47,1;12,7
586;TAKPAPIENI;"00째52'3""E";"10째15'2""";57,1;13
587;GNIFALE;"00째49'5""E";"10째17'1""";66;1,47
588;KOUGNIERI;"00째38'0""E";"10째22'3""";;
589;SIEGOU;"00째22'3""E";"10째40'3""";40;4
590;BIAGA;"00째26'0""E";"10째37'3""";31,9;2,019
591;KOMANOU (DJAMON-TIAKA);"00째37'5""E";"10째18'2""";47;11
592;DJAKPANI;"00째40'3""E";"10째18'1""";53;12,5
593;SAKOU;"00째47'4""E";"10째21'0""";59;4
594;NANDJONKARGOU;"00째46'2""E";"10째19'4""";73;2
595;TOKPLI;"00째41'3""E";"10째25'0""";;
596;LANLALE;"00째45'3""E";"10째23'5""";53,3;0,83
597;KANWOUNKA;"00째50'1""E";"10째13'5""";47;12,7
598;NKPE 1;"00째37'2""E";"09째57'1""";47,1;2,8
599;OSSEOU;"00째53'1""E";"10째16'0""";62;1,575
600;LIKPIEKA;"00째51'3""E";"10째13'2""";47;12,7
601;DJAHANI;"00째39'5""E";"10째24'2""";51;7
602;KOUWAKOU I;"00째21'2""E";"10째31'2""";68;0,962
603;NAMOUBAGA I;"00째22'1""E";"10째38'4""";59,41;3,836
604;NAGBENI CENTRE;"00째24'5""E";"10째37'0""";;
605;KPEBONGA;"00째17'0""E";"10째35'2""";35;3
606;DJAMBADJOGA;"00째45'2""E";"10째24'5""";47;1,5
607;AYABA  A;"00째42'2""E";"10째22'2""";;
608;NANTIEGA;"00째40'0""E";"10째26'3""";65,5;0
609;BARKOISSI;"00째17'5""E";"10째30'0""";71;0,2
610;DOMAN;"00째20'4""E";"10째30'5""";;
611;MOGOU;"00째38'4""E";"10째23'1""";41;1,5
612;DOGBOGUE;"00째20'0""E";"10째38'3""";;
613;NAMONI;"00째44'4""E";"10째19'3""";37,7;9
614;NAMONI;"00째44'5""E";"10째19'2""";32;3,927
615;NAMONI;"00째44'3""E";"10째19'4""";30;3
616;TAKPAMBA;"00째34'3""E";"09째58'1""";34,6;3
617;TAKPAMBA;"00째34'3""E";"09째57'5""";31,6;3
618;TAKPAMBA;"00째34'4""E";"09째58'1""";50;4
619;DJANDJATIE;"00째33'4""E";"09째57'1""";35;8
620;NAMOUKOU;"00째34'0""E";"09째54'5""";45;2
621;KANGOUNOU;"00째38'2""E";"09째59'4""";;
622;BOULE;"00째47'5""E";"10째17'5""";;
623;DJE-DJABOU;"00째44'0""E";"10째20'0""";47;3
624;WOGOU;"00째41'5""E";"10째21'3""";53;7
625;SAPIEKOU;"00째41'2""E";"10째19'4""";34,12;2
626;DANWOGA;"00째43'0""E";"10째24'5""";53;1,5
627;TCHAMONGA;"00째43'5""E";"10째33'5""";41;3
628;TCHAMIGNOTI;"00째31'1""E";"10째38'0""";41;1,5
629;TAKPAPIENI;"00째52'1""E";"10째15'2""";59;12
630;POUKPIELOKO;"00째17'0""E";"10째33'4""";;
631;KOMANOU (DJAMON-TIAKA);"00째37'1""E";"10째18'0""";;
632;KOMANOU (DJAMON-TIAKA);"00째38'4""E";"10째18'3""";;
633;PAPOUNI-KPA;"00째41'0""E";"10째17'1""";25,6;6
634;PAPOUNI-KPA;"00째41'4""E";"10째17'0""";37,6;5
635;NKPE 2;"00째37'2""E";"09째57'1""";41;3
636;NAGBENI CENTRE;"00째23'4""E";"10째36'4""";78,12;1,397
637;NAGBENI CENTRE;"00째23'2""E";"10째37'0""";70,9;2,019
638;BIGOU;"00째22'4""E";"10째28'4""";71;0,8
639;BIAGA;"00째27'1""E";"10째37'2""";28,8;3
640;N'SUETCHIN;"00째44'2""E";"10째19'5""";34,8;6
641;DJE-BABOU II;"00째43'1""E";"10째19'2""";45;10
642;KOLDAGA;"00째45'3""E";"10째26'3""";46,14;3,223
643;NAGBANDI;"00째45'5""E";"10째20'3""";37,8;3
644;KPAGNALE;"00째47'5""E";"10째19'2""";53,1;3
645;KPEGUINI;"00째40'2""E";"10째19'1""";71;2
646;NAFOURI;"00째38'1""E";"10째19'5""";29,2;5
647;NAKITONI;"00째40'5""E";"10째26'3""";65;0,8
648;N'FOUTCHE;"00째39'1""E";"09째56'1""";37;9
649;N'FOUTCHE;"00째39'1""E";"09째56'4""";39,29;3,2
650;NAMBOSSI;"00째37'5""E";"09째54'1""";42,65;2,5
651;NAMBOSSI;"00째37'2""E";"09째53'4""";;
652;KPENTCHANI;"00째38'5""E";"10째26'1""";53,28;1,1
653;BOR;"00째35'3""E";"09째54'1""";59;9
654;NALOKOU;"00째32'2""E";"09째58'2""";;
655;NAYAKA;"00째46'0""E";"10째20'0""";35,5;1,3
656;SIKPANLE;"00째48'1""E";"10째19'5""";59,39;1,3
657;MIEMONI;"00째48'3""E";"10째18'4""";41,26;4
658;IKABTCHE;"00째49'2""E";"10째15'5""";43,83;3
659;GNAGBEB;"00째48'0""E";"10째16'5""";;
660;LINABILE;"00째48'1""E";"10째14'5""";;
661;DJANHALE;"00째41'5""E";"10째28'1""";;
662;NATEMBAGA;"00째42'3""E";"10째31'0""";;
663;KOROKOU;"00째47'1""E";"10째34'5""";41;2
664;TOPIEGA;"00째45'5""E";"10째32'1""";41;3
665;KPOKOU;"00째42'4""E";"10째29'2""";61,28;0,6
666;NAKPAGDJOAGA;"00째43'0""E";"10째27'2""";35;1,5
667;NAPELKANGUE;"00째20'2""E";"10째40'1""";86;0,9
668;GBANGBAMONA;"00째23'3""E";"10째35'2""";71;0,8
669;BALITIGOU;"00째12'3""E";"10째31'0""";47;12
670;BOUMBOUMIGOU;"00째11'3""E";"10째30'2""";59;9
671;BANDJA-TOMONGUE;"00째13'2""E";"10째31'5""";79,6;
672;BOUGOU;"00째18'2""E";"10째37'5""";;
673;TOUMONLOGOU;"00째20'3""E";"10째35'1""";62;0,8
674;NABAB 2;"00째19'5""E";"10째35'0""";;
675;KEREKETE  I;"00째13'3""E";"10째29'4""";65;0,9
676;NAKPATI;"00째49'1""E";"10째21'0""";34,64;3,6
677;TAMONGUE;"00째21'1""E";"10째35'3""";59;1,5
678;NATENGOLKA;"00째30'4""E";"10째35'0""";;
679;MOGOU;"00째38'1""E";"10째23'1""";80;2,78
680;SAPIEKOU;"00째41'5""E";"10째19'5""";66,2;0,5
681;KOKO-MONDI;"00째40'5""E";"10째20'5""";57,13;5
682;NAGBENI CENTRE;"00째23'4""E";"10째37'3""";70,16;1,5
683;NKPE 1;"00째37'3""E";"09째57'3""";52;3,02
684;NKPE 1;"00째37'4""E";"09째57'3""";62;1,54
685;PAKABE-DIKA;"00째27'3""E";"10째02'0""";;
686;NAMOUBAGA I;"00째22'2""E";"10째38'4""";73,63;4
687;GNIBOUTIGOU;"00째29'5""E";"10째37'5""";65;0,67
688;NAMBOSSI;"00째37'4""E";"09째54'1""";53,1;8,55
689;TCHANTCHARISSOU;"00째30'4""E";"09째57'4""";62;8,03
690;MANTCHE;"00째20'3""E";"10째19'3""";64;8,1
691;SOTOCO PERIMETRE;"00째23'5""E";"10째27'0""";66;2,19
692;LEGBANDO;"00째34'1""E";"09째56'5""";49,1;2,3
693;KABOUFIESSOU;"00째29'5""E";"09째58'0""";52;6,04
694;BONTROGA;"00째37'5""E";"10째24'4""";53;1,48
695;FAGO;"00째38'4""E";"10째24'2""";67;
696;BAKANOU;"00째38'5""E";"10째21'3""";74;2,42
697;KPAONG;"00째40'1""E";"10째24'0""";55;8,26
698;NASSIEGOU II;"00째19'4""E";"10째35'4""";36;2,5
699;KAROUKOU;"00째46'1""E";"10째29'0""";67,59;2,3
700;NAKOTI  I;"00째43'1""E";"10째20'5""";;
701;NAKOTI  II;"00째43'1""E";"10째21'5""";;
702;NAPOLI;"00째43'2""E";"10째23'1""";61;1,2
703;GABOULI;"00째48'2""E";"10째20'5""";64;1,611
704;BANWOLE;"00째43'2""E";"10째24'0""";;
705;NAKPAGDJOAGA;"00째44'0""E";"10째27'1""";;
706;KOLDAGA;"00째44'4""E";"10째26'3""";;
707;NADENGOU;"00째44'0""E";"10째29'5""";43,07;1,7
708;KPENHANI;"00째41'0""E";"10째27'2""";51,63;0,815
709;TOKPLI;"00째42'0""E";"10째25'1""";;
710;NAGBANGOU;"00째28'4""E";"10째00'1""";100;1,6
711;TAKPAMBA;"00째34'5""E";"09째58'0""";70;1,5
712;TAKPAMBA;"00째34'3""E";"09째58'1""";42,91;9
713;TAKPAMBA;"00째34'4""E";"09째58'0""";55;9
714;TAKPAMBA;"00째34'2""E";"09째58'0""";49;10
715;TODJAKOU;"00째45'2""E";"10째32'2""";;
716;BARKOISSI;"00째17'5""E";"10째32'2""";56,9;3,6
717;BARKOISSI;"00째18'1""E";"10째36'0""";60;4,9
718;NAMONI;"00째44'5""E";"10째19'5""";66;6
719;SAKOU;"00째47'2""E";"10째21'0""";43,16;1,4
720;NAMONI;"00째44'5""E";"10째19'4""";58;2
721;BARKOISSI;"00째18'0""E";"10째32'5""";;
722;SAGBIEBOU;"00째38'3""E";"10째14'4""";37;2,5
723;TCHARGBENE;"00째43'5""E";"10째20'5""";33,23;
724;DJAKPANI;"00째40'4""E";"10째17'4""";42,16;1,2
725;PANGA;"00째40'3""E";"10째03'4""";80;4
726;PANGA ZONGO;"00째40'0""E";"10째03'2""";56,3;0,967
727;FIENGA;"00째39'5""E";"10째00'4""";35;6,327
728;PANGA;"00째39'3""E";"10째02'4""";55,65;0,492
729;SAMTI;"00째36'0""E";"10째02'3""";40,67;2,333
730;TRIBONGOU;"00째33'2""E";"10째00'3""";49,1;2,4
731;SAMTI-BONFOSSOU;"00째36'0""E";"10째02'3""";;
732;NALI CENTRE HANGO;"00째27'1""E";"10째02'2""";;
733;NALI CENTRE HANGO;"00째26'5""E";"10째03'0""";69,62;2,5
734;NOMBA;"00째27'5""E";"10째02'5""";;
735;TOULEBA;"00째30'0""E";"10째04'3""";37,56;1,1
736;NALOKOU;"00째31'0""E";"10째04'4""";;
737;TABABOU;"00째32'4""E";"10째04'4""";74,26;0,7
738;DJAWAKA;"00째32'0""E";"10째08'0""";79;0,8
739;NABA;"00째32'3""E";"10째07'1""";;
740;DJE-BOURI;"00째45'1""E";"10째21'1""";51,32;1,7
741;PANGA;"00째40'4""E";"10째04'1""";55;3,8
742;KPOKOU;"00째41'5""E";"10째29'4""";35;2,2
743;NAMOUMALE;"00째36'2""E";"10째24'5""";78,8;2
744;KANKANGOU;"00째21'5""E";"10째39'4""";;1
745;NALOBA;"00째33'5""E";"10째03'3""";;
746;NAGBENI CENTRE;"00째23'5""E";"10째36'3""";81,15;0,5
747;BAOULE;"00째35'0""E";"10째16'1""";54,23;8
748;BAOULE;"00째33'3""E";"10째16'0""";33,18;1,8
749;TOPIEGA;"00째46'2""E";"10째33'0""";42,38;4
750;NADAGA;"00째41'1""E";"10째25'3""";78;1,3
751;WONKOBA;"00째32'3""E";"10째03'1""";51,36;6
752;NAMKPANA;"00째45'0""E";"10째20'3""";;
753;PANGA;"00째41'0""E";"10째03'4""";60,48;3,1
754;PANGA;"00째38'5""E";"10째02'1""";42,21;4,5
755;KOUNKOUNKPE OTI II;"00째40'5""E";"10째04'5""";51,34;3,3
756;KOKOU-BOSSOU;"00째37'4""E";"10째01'0""";42,32;3,026
757;NALAKOU;"00째36'4""E";"10째03'0""";80;1,5
758;AYABA  B;"00째41'3""E";"10째22'1""";;
759;TCHINTCHILINGA;"00째35'5""E";"10째23'5""";80;0,9
760;BAOULE;"00째34'4""E";"10째15'4""";46,62;0,9
761;FOMBORO;"00째28'3""E";"10째21'0""";;
762;GALANGASHIE;"00째21'1""E";"10째30'1""";47,85;1,6
763;NAGOLGOU;"00째31'4""E";"10째00'1""";;
764;KANGOUNOU;"00째38'2""E";"10째01'0""";47,29;6,327
765;KEREKETENOU;"00째35'5""E";"10째00'4""";;
766;LENIDO;"00째35'4""E";"09째56'4""";;
767;LENIDO;"00째35'5""E";"09째56'4""";52,4;
768;BATORI;"00째45'3""E";"10째33'5""";;
769;NANDIKI;"00째28'2""E";"10째10'3""";;1,4
770;NANDIKI;"00째28'2""E";"10째10'2""";;7,5
771;KOUMONGOU;"00째27'0""E";"10째11'2""";78;
772;KOUMONGOU;"00째26'4""E";"10째11'1""";;
773;SAGBIEBOU;"00째38'3""E";"10째14'2""";42,2;0,9
774;DILEKA;"00째37'2""E";"10째15'0""";;
775;DILEKA;"00째36'4""E";"10째16'3""";;
776;INAYONI;"00째53'1""E";"10째14'1""";;
777;SAMBABE;"00째52'3""E";"10째16'1""";43,2;9,5
778;NAMONI;"00째45'0""E";"10째19'2""";58,46;2,88
779;NAMONI;"00째44'5""E";"10째19'5""";52,5;5,6
780;TANGNIEKA;"00째46'0""E";"10째27'4""";56,15;3,5
781;DANWOGA;"00째43'2""E";"10째26'0""";;
782;NASSIKA;"00째44'0""E";"10째21'5""";;
783;TCHAMWIEKOU-KPARABANOU;"00째33'0""E";"10째16'4""";;1,6
784;DAKORGA;"00째36'5""E";"10째25'5""";;
785;MOGOU;"00째37'5""E";"10째23'4""";60;0,9
786;GBETI;"00째35'1""E";"10째26'1""";;
787;GBALODI;"00째33'4""E";"10째27'2""";;
788;TODJAKOU;"00째45'0""E";"10째31'1""";;
789;KOROKOU;"00째46'3""E";"10째35'2""";61,28;1,5
790;TODJAKOU;"00째46'1""E";"10째30'4""";;
791;NAKITONI;"00째41'1""E";"10째26'5""";;
792;TCHABARE;"00째39'1""E";"10째23'4""";;
793;NAYOH;"00째34'3""E";"10째28'5""";67;1,2
794;BONZOUKOU;"00째38'1""E";"10째18'4""";;
795;NAMONI;"00째44'5""E";"10째19'5""";43;8,8
796;NAMONI;"00째44'5""E";"10째19'4""";;
797;SAGBIEBOU;"00째38'5""E";"10째13'3""";;
798;BAPOTI;"00째51'1""E";"10째16'5""";35,5;
799;KOUNKOUNKPE OTI II;"00째40'1""E";"10째05'4""";46,89;9,733
800;DJALORE;"00째39'1""E";"10째06'0""";;12,5
801;FIENGA;"00째40'4""E";"10째02'4""";;
802;KANGOUNOU;"00째38'3""E";"10째01'4""";49;12
803;KANGOUNOU;"00째38'1""E";"10째01'2""";;
804;KOKOU-BOSSOU;"00째37'3""E";"10째01'2""";;
805;KOUNTCHA;"00째37'1""E";"10째00'1""";;
806;SAMTI;"00째36'0""E";"10째01'3""";57,23;1,422
807;TOULEBA;"00째29'5""E";"10째04'4""";;
808;TABABOU;"00째32'3""E";"10째04'5""";;
809;NAMATI;"00째33'3""E";"10째08'5""";;
810;AYIKPERE;"00째37'3""E";"10째05'0""";55,3;5,378
811;TIAKASSOU;"00째37'3""E";"10째06'1""";55;3,5
812;KOUNTOIRE-CENTRE;"00째36'5""E";"10째06'4""";49;22
813;KOUMONGOU;"00째26'4""E";"10째10'4""";46;
814;KPAYO;"00째41'1""E";"10째14'0""";;
815;KPAYO;"00째41'1""E";"10째13'5""";;
816;KPAYO;"00째41'5""E";"10째13'5""";;
817;KPAYO;"00째42'0""E";"10째13'3""";;
818;KPAYO;"00째42'5""E";"10째14'2""";;
819;KPAYO;"00째45'3""E";"10째14'2""";;
820;SAGBIEBOU;"00째39'3""E";"10째16'0""";54,4;
821;BOGHARI;"00째40'4""E";"10째16'4""";;
822;BONI;"00째38'1""E";"10째17'5""";36;4,5
823;NAMONI;"00째44'3""E";"10째19'5""";37,2;14
824;DJE-BOURI;"00째45'2""E";"10째21'0""";50,26;
825;BAKANOU;"00째38'5""E";"10째21'3""";;
826;NAYOH;"00째35'0""E";"10째28'4""";67,25;2,2
827;GBETI;"00째35'1""E";"10째24'0""";61,56;1,5
828;TCHAMKPERE;"00째37'0""E";"10째26'5""";55;1,5
829;NAKPAGDJOAGA;"00째43'1""E";"10째26'5""";;
830;TCHANKPE-BOSSOU;"00째37'2""E";"10째02'1""";;
831;FOMBORO;"00째37'5""E";"10째01'2""";48;11
832;KOUNTOIRE/SONGBAL;"00째36'0""E";"10째08'0""";55,79;7,171
833;KPOKOU;"00째43'1""E";"10째29'1""";;
834;KPOKOU;"00째42'0""E";"10째30'1""";;
835;GBEMGBAMONGUE;"00째41'2""E";"10째32'3""";;
836;KOROKOU;"00째47'1""E";"10째38'0""";60;0,5
837;KOUTOUCH;"00째45'4""E";"10째21'2""";;
838;DJOUNLE-TCHAMONGA;"00째44'5""E";"10째25'1""";60;
839;TCHAKPANLE;"00째44'5""E";"10째17'1""";56;0,8
840;FANCOURI;"00째49'1""E";"10째17'5""";;
841;KOUNADAGOU;"00째46'2""E";"10째16'5""";;
842;DILEKA;"00째36'5""E";"10째14'5""";;
843;KOROKOU;"00째47'0""E";"10째33'5""";;
844;BOTCHAKOU;"00째43'2""E";"10째35'0""";;
845;TONTONDI;"00째33'4""E";"10째28'2""";61,1;1
846;DJE-DJABOU;"00째44'0""E";"10째19'1""";35,55;4,5
847;GBEMBA BAS;"00째31'0""E";"10째31'4""";;
848;SADORI-NAGBAKOU;"00째27'0""E";"10째17'2""";;
849;MANTCHE;"00째20'2""E";"10째20'3""";;
850;BOUMBOUMIGOU;"00째12'0""E";"10째30'4""";;
851;PIEBOAKA;"00째16'4""E";"10째32'5""";73,54;0,3
852;BANDJA-TOMONGUE;"00째13'0""E";"10째31'5""";48,87;16
853;KEREKETE  II;"00째13'5""E";"10째30'0""";42,82;14
854;TCHANFIERI;"00째26'5""E";"10째24'4""";73,33;0,75
855;SIGBENGA;"00째38'5""E";"10째16'4""";;
856;SAGBIEBOU;"00째37'5""E";"10째14'0""";;
857;TCHINTCHONGA;"00째35'4""E";"10째22'3""";;
858;TATABONI;"00째39'0""E";"10째22'1""";49;2
859;NATOUNDI;"00째38'1""E";"10째26'2""";85,5;0,8
860;KONG;"00째20'5""E";"10째36'1""";4,48;1,4
861;ITOGNAN;"00째46'3""E";"10째15'0""";;
862;NAGNAGA;"00째46'2""E";"10째18'2""";;
863;KOUMONGOUKAN;"00째24'0""E";"10째14'3""";;
864;SIGBENGA;"00째38'1""E";"10째14'5""";39,72;1,8
865;SAGBIEBOU;"00째39'1""E";"10째14'3""";36,7;1,5
866;MAGNA;"00째26'0""E";"10째21'2""";85,65;0
867;TOUMONLOGOU;"00째20'4""E";"10째35'1""";79,66;0
868;TCHARBENGOU;"00째21'1""E";"10째36'4""";71,95;0,55
869;KPAGNOH;"00째28'2""E";"10째34'3""";53,95;3,15
870;TAMONGA;"00째22'3""E";"10째34'5""";45,5;1
871;KOUSSIGOU;"00째36'1""E";"10째25'4""";92,85;0,32
872;KOUSSIGOU;"00째36'5""E";"10째25'2""";62,85;4,89
873;AYABA  B;"00째41'1""E";"10째22'4""";;
874;BARKOISSI;"00째18'0""E";"10째32'5""";67;1,5
875;TAMONGA;"00째22'5""E";"10째35'2""";90,25;0,38
876;KPAKPABOU;"00째27'5""E";"09째59'5""";;
877;NASSOUKOU;"00째25'2""E";"10째04'1""";;
878;KOUGNIERI;"00째37'5""E";"10째22'0""";;
879;NANTIEGA;"00째40'2""E";"10째26'4""";;
880;SAGBIEBOU;"00째38'1""E";"10째14'2""";;
881;NAKITONI;"00째40'5""E";"10째26'0""";;
882;SAGBIEBOU;"00째38'2""E";"10째14'3""";;
883;TAKPAPIENI;"00째52'0""E";"10째15'2""";;
884;SAMTI;"00째33'5""E";"10째01'1""";;
885;CHIRANDA;"00째36'0""E";"10째04'5""";;
886;NKPE 1;"00째37'3""E";"09째57'4""";;
887;BOUDORI;"00째27'1""E";"10째26'4""";;
888;NAGBANGOU;"00째22'3""E";"10째06'3""";;
889;KADJITIERI  I;"00째23'1""E";"10째32'3""";;
890;SAGBIEBOU;"00째39'5""E";"10째17'2""";;
891;KAMPOAT;"00째21'1""E";"10째35'2""";112,23;0,1
892;TAMONGA;"00째22'0""E";"10째35'2""";53,81;1,06
893;NAMOUBAGA I;"00째22'0""E";"10째38'3""";54,07;17,28
894;KAMPOAT;"00째21'1""E";"10째35'1""";125,73;4,8
895;POLOTI;"00째19'5""E";"10째31'4""";94,36;1,8
896;SAMBONA;"00째16'3""E";"10째33'3""";139,36;0,771
897;N'GAMBI;"00째46'4""E";"10째13'1""";58,56;14,4
898;TONTONDI;"00째33'3""E";"10째28'4""";90,11;1,4
899;BATCHE-BOUSSOU;"00째35'4""E";"10째06'5""";67,29;12,96
900;TOKOU;"00째31'4""E";"10째08'4""";44,95;10,8
901;NALONGBANDI;"00째29'0""E";"10째11'0""";157,41;
902;LIPOULIKE;"00째39'4""E";"10째32'1""";157,35;0,428
903;NANTCHARE;"00째23'0""E";"10째11'1""";89,93;0
904;FARE-CENTRE;"00째23'3""E";"10째10'5""";49,36;1,7
905;PAYOKOU;"00째27'2""E";"10째14'5""";40,43;4,62
906;TAKPAMBA;"00째34'2""E";"09째58'1""";49,53;12,96
907;NALONGBANDI;"00째29'0""E";"10째11'0""";103,59;0
908;SAGBIEBOU;"00째38'4""E";"10째14'5""";42,6;3,6
909;KOUMONGOU;"00째26'5""E";"10째11'0""";85,41;2,117
910;LIPOULIKE;"00째41'2""E";"10째32'3""";44,91;2
911;DJE-DJABOU;"00째42'4""E";"10째18'1""";55,43;21,6
912;BAOULE;"00째34'3""E";"10째15'3""";;
913;NAKITONI;"00째40'4""E";"10째26'0""";;
914;KPAYO;"00째45'5""E";"10째13'4""";;
915;GALANGASHIE;"00째21'3""E";"10째30'1""";55,37;10,8
916;KOUSSIGOU;"00째36'3""E";"10째26'1""";55,44;1,35
917;KOUGNIERI;"00째37'4""E";"10째21'2""";49,16;21,6
918;MOGOU;"00째38'4""E";"10째22'5""";55,44;32,4
919;KOLDAGA;"00째44'3""E";"10째26'4""";55,38;21,6
920;TOKPLI;"00째41'4""E";"10째25'1""";55,35;0,679
921;QUARTIER ADMINISTRATIF;"00째28'1""E";"10째31'3""";122,47;0,1
922;DANKOUR;"00째20'0""E";"10째37'0""";49,25;0,62
923;KPAMBONE;"00째20'4""E";"10째37'1""";55,26;21,6
924;BOASSE;"00째19'4""E";"10째37'3""";55,23;0,507
925;TAMONGA;"00째21'5""E";"10째35'0""";110,3;
926;KANKANGOU;"00째22'0""E";"10째39'5""";67,6;1
927;TCHAMIGNOTI;"00째31'2""E";"10째38'3""";104,18;0,923
928;KPEBONGA;"00째20'5""E";"10째37'3""";85,85;3,81
929;NAMBOESSOU;"00째18'3""E";"10째27'1""";73,61;0,553
930;KPANDJINI;"00째19'3""E";"10째32'0""";122,35;
931;GALANGASHIE;"00째21'3""E";"10째30'1""";55,37;10,8
932;SAGBIEBOU;"00째36'4""E";"10째15'0""";49,28;16,2
933;SAGBIEBOU;"00째37'0""E";"10째14'0""";49,3;21,6
934;SAGBIEBOU;"00째39'4""E";"10째16'2""";55,37;6,4
935;SAGBIEBOU;"00째36'2""E";"10째14'0""";67,67;2,16
936;SAGBIEBOU;"00째36'4""E";"10째17'1""";49,3;7,2
937;NAMONI;"00째41'2""E";"10째21'1""";61,47;6,48
938;N'GAMBI;"00째48'3""E";"10째13'1""";55,26;16,2
939;SAPIEKOU;"00째41'5""E";"10째20'4""";79,77;9,257
940;KPEGUINI;"00째41'1""E";"10째19'3""";115;1
941;YAKLE;"00째49'0""E";"10째16'5""";61,43;9,257
942;DJE-DJABOU;"00째43'2""E";"10째18'5""";61,39;8,1
943;KOUNTOIRE-CENTRE;"00째39'2""E";"10째07'1""";73,56;10,8
944;SAGBIEKPERE;"00째36'1""E";"10째06'3""";67,56;16,2
945;KOUMONGOU;"00째26'5""E";"10째10'4""";98,12;0,216
946;KPATIBOLI;"00째30'4""E";"10째10'3""";55,38;32,4
947;KPANKPASOU;"00째27'3""E";"10째03'0""";104,17;
948;MALONDI;"00째32'4""E";"10째02'4""";49,28;7,2
949;NALOKOU;"00째30'4""E";"10째04'5""";58;30
950;NAGBANGOU;"00째29'0""E";"09째59'5""";100;
951;DJRIDJO;"00째32'4""E";"10째02'0""";61,51;9,257
952;TCHANAGA;"00째29'2""E";"10째29'4""";91,89;
953;GBEMBA HAUT;"00째29'4""E";"10째32'4""";122,46;
954;GBEMBA HAUT;"00째29'5""E";"10째33'1""";;
955;DAKPALI CENTRE;"00째39'4""E";"10째32'1""";55,32;0,631
956;TCHAMONGA;"00째43'5""E";"10째34'0""";61,52;30
957;KOROKOU;"00째47'4""E";"10째35'1""";49,2;2,4
958;NADENGOU;"00째43'0""E";"10째30'2""";49,28;2,16
959;TCHAMONGA;"00째43'5""E";"10째33'4""";;
960;POUKPIELOKO;"00째17'1""E";"10째34'0""";122,56;0,108
961;SAMBONA;"00째16'3""E";"10째33'3""";107,22;4
962;MAGNA MOMOTI;"00째24'5""E";"10째22'0""";256,73;0,423
963;GBETI;"00째35'2""E";"10째25'4""";61,47;2,2
964;DJANHALE;"00째39'2""E";"10째25'4""";70,4;6
965;NAKPAGDJOAGA;"00째43'2""E";"10째27'3""";67,58;3,6
966;NASSIKOU;"00째43'4""E";"10째13'0""";67,6;
967;NAGBANGOU;"00째29'0""E";"09째59'4""";;
968;KADJITIERI  I;"00째22'4""E";"10째33'3""";;
969;YINYINGOU;"00째33'0""E";"10째32'2""";92;0,8
970;DOMAN;"00째20'3""E";"10째31'1""";85,78;
971;NAMONI;"00째44'5""E";"10째19'3""";61,38;19,5
972;KPENTCHANI;"00째38'3""E";"10째26'1""";61,26;1,4
973;KPEBONGA;"00째22'0""E";"10째38'1""";61,34;4,9
974;TAKPAMBA;"00째34'5""E";"09째58'3""";103,34;1
975;MOGOU;"00째39'0""E";"10째22'5""";55,15;9
976;KAMPOAT;"00째21'2""E";"10째33'5""";;
977;GALANGASHIE;"00째21'4""E";"10째31'1""";55,23;9,9
978;SAGBIEBOU;"00째39'1""E";"10째15'3""";55,13;2,2
979;TAKPAMBA;"00째35'0""E";"09째58'3""";104,03;
980;YAKLE;"00째48'3""E";"10째16'5""";55,2;9
981;YAKLE;"00째49'1""E";"10째14'0""";49,12;23
982;NANDJONKARGOU;"00째46'1""E";"10째19'2""";49,09;5,6
983;SAMTI-BONFOSSOU;"00째33'3""E";"10째02'3""";91,78;4,95
984;NATEMBAGA;"00째42'3""E";"10째31'2""";55,15;9
985;NALOBA;"00째34'0""E";"10째03'3""";55,2;8,8
986;NAMBOSSI;"00째39'0""E";"09째54'2""";55,18;8,2
987;SAGBIEBOU;"00째39'1""E";"10째15'3""";97,89;0,694
988;NAMOUKOU;"00째34'2""E";"09째54'4""";79,54;1,3
989;NADAGA;"00째41'3""E";"10째20'0""";55,21;15
990;KPAGNOH;"00째28'4""E";"10째34'2""";;
991;KPANDJINI;"00째19'3""E";"10째32'1""";85,74;2,4
992;SAPIEKOU;"00째41'4""E";"10째20'0""";67,4;2,8
993;TAKPAMBA;"00째34'2""E";"10째00'1""";67,4;24
994;NAMKPANA;"00째49'1""E";"10째12'5""";48,99;19
995;GAYARGOU;"00째27'0""E";"10째36'2""";73,45;0,347
996;GALANGASHIE FOMBORO;"00째21'0""E";"10째30'2""";;
997;AKPOSSOU;"00째25'3""E";"10째25'0""";;
998;MOGOU;"00째38'2""E";"10째23'0""";;
999;NAMBOESSOU;"00째18'4""E";"10째26'0""";49,17;2,234
1000;TAKPAPIENI;"00째52'0""E";"10째15'1""";49,35;10,8
1001;FANCOURI;"00째09'0""E";"10째42'5""";49,4;4,05
1002;MOGOU;"00째38'4""E";"10째22'5""";;8
1003;NALI CENTRE HANGO;"00째27'0""E";"10째02'5""";122,58;3,6
1004;KOUMONGOU;"00째26'4""E";"10째10'4""";102,37;1
1005;BAOULE;"00째34'4""E";"10째15'4""";79,84;1,7
1006;MANTCHE;"00째20'2""E";"10째20'3""";122,58;0,7
1007;KOLK I;"00째18'4""E";"10째37'2""";50,15;0,9
1008;BIELIGUE;"00째18'3""E";"10째39'5""";68,15;12
1009;BARKOISSI;"00째18'3""E";"10째34'1""";;
1010;MANTCHE;"00째35'2""E";"10째34'2""";55,18;4,5
1011;TCHANKPE-BOSSOU;"00째37'0""E";"10째02'5""";43,98;28,03
1012;DANHAKA;"00째40'4""E";"10째04'4""";48,98;2,08
1013;AYIKPERE;"00째37'2""E";"10째05'1""";58,74;20,6
1014;NABOLI;"00째36'1""E";"10째09'5""";48,99;4,8
1015;KOUNTOIRE-CENTRE;"00째37'3""E";"10째06'4""";51,35;13,5
1016;GBANGBAMONA;"00째23'2""E";"10째35'3""";40;1,4
1017;FIENGA;"00째38'5""E";"10째01'3""";42,18;12
1018;WANGBANDI;"00째25'2""E";"10째07'3""";98,15;0,6
1019;NAMOUKOU;"00째34'0""E";"09째54'4""";49,45;1,2
1020;DAKPALI CENTRE;"00째39'4""E";"10째32'1""";49,35;1,4
1021;KOUNTOIRE;"00째33'3""E";"10째08'5""";61,63;0,9
1022;KAMPOAT;"00째21'1""E";"10째35'2""";104,13;0,81
1023;FIENGA;"00째39'5""E";"10째02'2""";67,25;16,2
1024;BALITIGOU;"00째12'3""E";"10째30'4""";55,27;3,41
1025;KARBONGOU;"00째32'2""E";"09째58'5""";55,3;7,2
1026;KPEGUINI;"00째40'3""E";"10째19'2""";73,6;0,617
1027;LENIDO;"00째35'4""E";"09째56'5""";54,88;7,2
1028;NASSONGUE;"00째14'5""E";"10째34'4""";71,5;4
1029;NAGBENI CENTRE;"00째23'5""E";"10째36'5""";46,1;5,14
1030;NAGBENI CENTRE;"00째24'4""E";"10째37'2""";46,1;2,8
1031;KPEBONGA;"00째21'4""E";"10째40'3""";70;0,9
1032;MAGNA;"00째26'0""E";"10째21'2""";91,86;0,8
1033;DJE-BOURI;"00째42'1""E";"10째21'2""";49,52;8
1034;BONI;"00째38'2""E";"10째17'1""";52,67;8
1035;SAMTI;"00째36'0""E";"10째02'3""";61,36;1,1
1036;SAKOU;"00째47'3""E";"10째20'5""";49,12;1,6
1037;TCHANKPE-BOSSOU;"00째37'0""E";"10째02'2""";61,36;2,4
1038;LOKO;"00째14'2""E";"10째35'1""";79,55;0,8
1039;NASSONGUE;"00째14'5""E";"10째34'4""";49,52;8,1
1040;KOUWAKOU I;"00째21'3""E";"10째31'1""";49,16;9
1041;TADERI;"00째26'2""E";"10째10'4""";73,65;1,6
1042;BOGHARI;"00째40'4""E";"10째16'2""";85,81;1,038
1043;MAYEFOUKOU;"00째21'4""E";"10째12'4""";53,3;1,25
1044;NASSIKA;"00째43'4""E";"10째21'4""";45,86;5,85
1045;LANLALE;"00째45'5""E";"10째23'3""";42,85;2,5
1046;SIKPANLE;"00째40'4""E";"10째19'5""";54,86;6,6
1047;NAKPATI;"00째49'1""E";"10째19'4""";51,83;5,5
1048;KADJITIERI  II;"00째23'3""E";"10째35'1""";99,75;5
1049;GALANGASHIE FOMBORO;"00째21'0""E";"10째30'2""";78;1
1050;NADJIR;"00째15'5""E";"10째34'5""";65;25
1051;BANDJA-TOMONGUE;"00째13'1""E";"10째32'0""";49,4;0,9
1052;NAGBENI CENTRE;"00째24'4""E";"10째37'1""";42;3,4
1053;TCHARBENGOU;"00째22'1""E";"10째36'2""";41;1,8
1054;TAMONGA;"00째22'5""E";"10째33'3""";74;2,2
1055;DANHAKA;"00째40'5""E";"10째26'3""";47,4;4,5
1056;PADORI;"00째25'3""E";"10째13'5""";48,8;1,8
1057;NANTIEGA;"00째39'4""E";"10째26'5""";48,6;5,14
1058;NAKITONI;"00째40'5""E";"10째26'3""";66,6;2,325
1059;SANTIGOU;"00째22'5""E";"10째28'3""";46,35;4
1060;WAMONE;"00째28'5""E";"10째38'1""";56,18;0,8
1061;NAGBATI;"00째28'0""E";"10째25'2""";85,74;0,805
1062;KANKANGOU;"00째21'5""E";"10째39'5""";73,55;0,814
1063;N'GAMBI;"00째47'2""E";"10째11'5""";;14,8
1064;KPAGNOH;"00째28'4""E";"10째34'1""";;
1065;KPAGNOH;"00째28'3""E";"10째34'2""";;7
1066;GNIBOUTIGOU;"00째29'3""E";"10째37'5""";;0,8
1067;DOGBOGUE;"00째20'2""E";"10째39'1""";;
1068;TCHARBENGOU;"00째22'1""E";"10째36'4""";120,1;16,85
1069;SISSIAK CENTRE;"00째07'5""E";"10째45'0""";61,1;3,2
1070;MONNE;"00째07'1""E";"10째43'2""";28;10,28
1071;DORE;"00째05'5""E";"10째43'1""";55;1,6
1072;NANDOBIK;"00째15'2""E";"10째36'3""";;
1073;BOPAK;"00째07'5""E";"10째41'2""";41;1,8
1074;NAKPABAK;"00째05'3""E";"10째45'2""";59,1;3,4
1075;BAKPANG-SOUKA;"00째05'2""E";"10째46'0""";;
1076;NADA DORE;"00째08'1""E";"10째45'3""";31,23;1,1
1077;MYR;"00째04'1""E";"10째47'4""";39;3
1078;DJAMONI;"00째06'0""E";"10째41'3""";98,7;6,5
1079;KPINKPARBAGOU;"00째02'0""W";"10째46'0""";32,6;22
1080;NASSIAGOU;"00째07'3""E";"10째42'3""";53,1;4
1081;BAKOSSE;"00째03'3""E";"10째39'5""";39;3,5
1082;LIEK;"00째02'0""E";"10째38'1""";;
1083;LOKPANO CENTRE;"00째06'2""E";"10째36'3""";39;2,5
1084;YEMBOUR;"00째08'2""E";"10째32'2""";39;2
1085;BALALONGUE;"00째08'1""E";"10째32'4""";51;3
1086;BOUMPOLE;"00째08'1""E";"10째32'1""";45;13
1087;KOUNDOUNGOU I;"00째08'5""E";"10째31'3""";45;3
1088;TAMONGUE;"00째10'1""E";"10째35'3""";27,2;1,6
1089;KPAMBOULK;"00째05'2""E";"10째41'4""";75;12
1090;MALABATE;"00째04'4""E";"10째41'2""";89;8,5
1091;GBANKONE;"00째02'3""E";"10째36'1""";41;6
1092;TAMPAKLOUK;"00째12'2""E";"10째34'0""";62;0,8
1093;LOKO CENTRE;"00째14'3""E";"10째35'4""";29;3
1094;TAMPIALIME CENTRE;"00째00'2""W";"10째44'0""";0;6
1095;TAMPIALIME CENTRE;"00째00'4""W";"10째44'5""";44;3
1096;TAMPIALIME CENTRE;"00째00'1""W";"10째44'5""";49,5;0,8
1097;KPINKPARBAGOU;"00째02'0""W";"10째45'3""";35;5
1098;NANLOURGOU;"00째12'5""E";"10째41'0""";32,9;1,6
1099;PLIGOU CENTRE;"00째16'1""E";"10째39'1""";39,2;1,6
1100;MOAK;"00째04'1""E";"10째43'2""";38;10
1101;MIR-KOUNKOUARE;"00째04'2""E";"10째46'2""";;
1102;KOUNKOGOU;"00째05'5""E";"10째42'1""";54,9;1,2
1103;DJABDAWOUR;"00째00'4""W";"10째44'4""";44;8
1104;NAYERGOU HAUT;"00째09'3""E";"10째30'5""";41;9
1105;TIGOU;"00째15'0""E";"10째36'2""";65;0,9
1106;KOUBENGOU;"00째17'4""E";"10째36'4""";;
1107;GANGANA-KONKOGOU;"00째12'4""E";"10째40'1""";29;0,6
1108;KONKONLONE;"00째17'0""E";"10째39'2""";31;7,2
1109;MANDIARE;"00째16'3""E";"10째39'0""";59,5;1,02
1110;NASSIEGOU;"00째18'0""E";"10째35'2""";;1,028
1111;TAMBINGUE;"00째10'5""E";"10째33'5""";41;5
1112;NANLOURGOU;"00째12'5""E";"10째41'0""";48;1,71
1113;BOUGOU;"00째17'4""E";"10째37'0""";;
1114;SOUNGOU;"00째14'1""E";"10째40'3""";66;0,8
1115;MOUMOANE;"00째14'0""E";"10째39'5""";63,49;0,802
1116;NANDODANI;"00째19'5""E";"10째40'1""";70;0,31
1117;KOLK I;"00째18'4""E";"10째38'0""";49;8,03
1118;NANDOBIK;"00째15'0""E";"10째37'0""";42,5;1,7
1119;NOKBAK;"00째10'5""E";"10째38'5""";;
1120;DJAPAK MAMPROUSSI;"00째06'5""E";"10째40'2""";43,1;1,06
1121;LOANKPONGOU;"00째10'1""E";"10째38'1""";;
1122;BOUAK-CENTRE;"00째15'3""E";"10째37'5""";70;3,6
1123;MOUMOANE-CENTRE;"00째13'5""E";"10째39'0""";60;0,9
1124;BONKOUNGOU;"00째09'4""E";"10째31'5""";;
1125;KOUNDOUNGOU I;"00째08'4""E";"10째31'5""";61,69;3,2
1126;LAMPOGONGUE;"00째10'2""E";"10째34'3""";;
1127;NAYERGOU BAS;"00째09'5""E";"10째30'1""";47,25;0,8
1128;TOLONGUE;"00째08'5""E";"10째31'0""";51,58;
1129;NANDODANI;"00째12'0""E";"10째40'0""";;
1130;BOULOGOU CENTRE;"00째17'3""E";"10째37'5""";;
1131;DJAPAK;"00째06'2""E";"10째40'3""";60;0,5
1132;YEMBOUR;"00째08'4""E";"10째32'3""";36,82;1
1133;BOGOU CENTRE;"00째10'2""E";"10째39'2""";;
1134;LARSIOK;"00째01'2""E";"10째38'1""";;
1135;YOAK;"00째12'2""E";"10째34'2""";61,3;5
1136;KPEKDJOK;"00째06'1""E";"10째37'5""";;
1137;NAGOU;"00째08'0""E";"10째39'2""";60;0,8
1138;TAMONGUE;"00째10'4""E";"10째35'5""";67,31;1,2
1139;NABAME;"00째14'0""E";"10째36'3""";61;0,7
1140;NATIGOU;"00째13'2""E";"10째37'2""";36,7;3,5
1141;TAMPAKLOUK;"00째13'1""E";"10째36'4""";36,8;3
1142;TOLONG;"00째00'5""W";"10째40'1""";;
1143;BORE;"00째07'3""E";"10째39'1""";37,15;1,565
1144;MOUMOANE-CENTRE;"00째13'5""E";"10째38'4""";;
1145;GBADAGOU;"00째03'0""E";"10째36'0""";;
1146;KOUNKOARE;"00째12'1""E";"10째44'4""";74;8,5
1147;NANNAGUE;"00째10'4""E";"10째43'4""";100;12
1148;BOMBOUAKA;"00째12'2""E";"10째42'2""";55,5;0,9
1149;SAMBOUNE;"00째11'3""E";"10째41'4""";60;1,5
1150;SOUNGOU;"00째13'4""E";"10째41'2""";60;1,6
1151;SOUNGOU;"00째13'2""E";"10째41'5""";60,5;1,6
1152;DIMANGOU;"00째10'1""E";"10째37'1""";;
1153;SANGOU;"00째03'4""E";"10째36'0""";;
1154;NAGOUNI CENTRE;"00째12'3""E";"10째25'4""";44,43;
1155;DOTIK;"00째06'4""E";"10째35'5""";;
1156;BOUAK-CENTRE;"00째15'3""E";"10째36'4""";40,63;
1157;MANDAGOU;"00째11'3""E";"10째42'4""";;
1158;NANSONG;"00째10'0""E";"10째35'1""";;
1159;BATINGUE;"00째10'3""E";"10째35'5""";74,4;0,5
1160;LOKPEROUK;"00째08'1""E";"10째38'0""";34,17;2,4
1161;NAKPANKORGOU II;"00째12'2""E";"10째33'3""";;
1162;DOUKPERGOU;"00째05'2""E";"10째40'1""";;
1163;YOAK;"00째12'3""E";"10째34'1""";;
1164;TOGORGOU;"00째11'5""E";"10째36'1""";60,5;1,7
1165;PLIGOU  II;"00째15'0""E";"10째41'2""";61,49;2
1166;TAMBANGOU;"00째11'2""E";"10째44'0""";;
1167;DJALOGUE;"00째13'0""E";"10째42'5""";;
1168;MOUMOANE-CENTRE;"00째14'3""E";"10째38'0""";;
1169;NAOK;"00째08'2""E";"10째36'4""";;
1170;TOLONGUE;"00째09'2""E";"10째31'0""";60;1,5
1171;YEMBOUR;"00째08'3""E";"10째32'1""";;
1172;TAMON-DJAPAK;"00째07'5""E";"10째35'1""";;
1173;BROUK;"00째07'2""E";"10째34'5""";;
1174;KOUKOMONI;"00째07'4""E";"10째34'2""";;
1175;NAKPAGLI;"00째08'1""E";"10째34'2""";60;1,2
1176;MARGOU;"00째12'3""E";"10째40'5""";47,27;6
1177;TAMBANGOU;"00째11'0""E";"10째43'5""";;
1178;LOKO CENTRE;"00째14'1""E";"10째35'5""";;
1179;NASSAK;"00째17'5""E";"10째39'2""";45;1,3
1180;KPEDJAK;"00째17'2""E";"10째40'1""";58;0,8
1181;TANNABE;"00째17'0""E";"10째37'3""";58,55;1,05
1182;KPINKPARPAK;"00째02'2""W";"10째45'3""";49,8;7
1183;LOKO CENTRE;"00째14'1""E";"10째35'3""";;
1184;LOKPANO CENTRE;"00째06'2""E";"10째36'3""";;
1185;DOKLE;"00째09'2""E";"10째39'0""";;
1186;BORE;"00째07'3""E";"10째39'2""";;
1187;TAMPIALIME CENTRE;"00째00'4""E";"10째45'0""";53,75;0,7
1188;NANDOGA CENTRE;"00째12'3""E";"10째40'1""";85,45;0,7
1189;BOUGOU;"00째17'5""E";"10째37'2""";49,45;0,99
1190;TAMPIALIME CENTRE;"00째00'1""W";"10째45'0""";76,35;0
1191;KOUNKOARE;"00째12'4""E";"10째44'3""";;
1192;NANDOGA CENTRE;"00째12'0""E";"10째40'1""";;
1193;BOGOU CENTRE;"00째10'2""E";"10째39'1""";;
1194;NANO CENTRE;"00째06'3""E";"10째42'0""";;
1195;NANO HAUT;"00째06'0""E";"10째41'5""";;
1196;DJAPAK;"00째11'5""E";"10째39'1""";;
1197;MOUMOANE-CENTRE;"00째14'5""E";"10째38'1""";;
1198;KOUKOMONI;"00째08'5""E";"10째37'0""";;
1199;MOUMOANE-CENTRE;"00째14'3""E";"10째38'5""";;
1200;NANDODANI;"00째11'5""E";"10째39'5""";;
1201;GOUNDOGA;"00째09'0""E";"10째42'0""";;
1202;KOUDJAGOUGOUNE;"00째11'5""E";"10째31'5""";;
1203;TAMONGUE;"00째11'1""E";"10째34'1""";;
1204;NADONGOU;"00째03'2""E";"10째35'2""";;
1205;DJAMONI;"00째06'0""E";"10째41'3""";;
1206;GOUNDOGA;"00째09'1""E";"10째41'0""";;
1207;TOMONI;"00째02'5""E";"10째35'2""";65,3;0,44
1208;TOMONI;"00째03'1""E";"10째36'0""";;
1209;NANKPANGORGOU;"00째12'4""E";"10째33'0""";;
1210;PIABRIBAGOU;"00째07'1""E";"10째47'2""";;
1211;NADAGOU;"00째07'4""E";"10째46'5""";;
1212;DORE;"00째06'0""E";"10째43'1""";;
1213;NANDODANI;"00째11'5""E";"10째39'5""";49,45;
1214;NANDODANI;"00째11'4""E";"10째39'5""";56,05;
1215;NANDOGA CENTRE;"00째12'2""E";"10째40'2""";72,35;5,14
1216;BOMBOUAKA;"00째12'3""E";"10째41'5""";62,79;1,5
1217;BOUAK-CENTRE;"00째15'3""E";"10째37'4""";112,31;0
1218;DJABIR;"00째09'4""E";"10째39'4""";112,27;0
1219;SOUNSSOURI;"00째09'2""E";"10째44'2""";74,24;1,64
1220;KONKOGOU;"00째14'0""E";"10째41'4""";112,28;0,72
1221;TINGBANDONGOU;"00째13'2""E";"10째42'5""";125,78;0
1222;SOUNGOU;"00째13'1""E";"10째41'1""";44,88;3
1223;DJARINGUE;"00째02'0""E";"10째37'1""";49,32;7,2
1224;BAKPANG;"00째05'1""E";"10째46'0""";71,97;1,028
1225;MORBAGUE+KPONG;"00째06'0""E";"10째44'1""";71,84;6,17
1226;PIABRIBAGOU;"00째05'0""E";"10째47'4""";99,84;0
1227;GOUNDOGA;"00째09'2""E";"10째41'1""";125,92;0
1228;SIGUIBAGOU;"00째06'3""E";"10째38'1""";63,09;1,6
1229;NOKDONG;"00째02'2""E";"10째39'4""";103,6;0
1230;TAMONGUE;"00째10'4""E";"10째35'2""";143,94;0,715
1231;TOMONGUE;"00째13'0""E";"10째32'2""";116,99;2,058
1232;GBAMPAK;"00째09'0""E";"10째29'5""";89,9;21,6
1233;DJABIR;"00째09'3""E";"10째39'4""";162;21,6
1234;GOUNDOGA;"00째09'2""E";"10째41'1""";170,92;
1235;PAOG;"00째04'5""E";"10째34'0""";55,64;0,718
1236;BOUAK-CENTRE;"00째15'3""E";"10째37'4""";157,31;0
1237;PIABRIBAGOU;"00째06'5""E";"10째47'4""";48,55;18
1238;TINGBANDONGOU;"00째13'2""E";"10째42'5""";109,7;0
1239;GOUNDOGA;"00째09'2""E";"10째41'1""";157,39;0
1240;MATOUGOU;"00째02'5""E";"10째37'5""";110;0
1241;TAMBINGUE;"00째10'3""E";"10째34'0""";60,85;0,83
1242;NAKPABAK;"00째05'4""E";"10째45'3""";54,77;1,167
1243;TIGOU;"00째15'1""E";"10째36'1""";109,6;0
1244;BOUAK-CENTRE;"00째15'3""E";"10째37'4""";139,49;0
1245;BOUMBOUMIOGOU;"00째11'5""E";"10째30'3""";58,36;3,242
1246;TIGOU;"00째15'1""E";"10째36'1""";122,88;0,154
1247;NOKDONG;"00째02'2""E";"10째39'4""";110,6;0
1248;MATOUGOU;"00째02'3""E";"10째37'3""";40,34;1,09
1249;BOMBOUAKA;"00째14'3""E";"10째40'0""";49,3;2,02
1250;TAMBANGOU;"00째11'2""E";"10째43'4""";104,22;18
1251;KONKOGOU;"00째16'1""E";"10째37'4""";55,48;8,1
1252;BOULOGOU CENTRE;"00째17'2""E";"10째37'2""";122,52;
1253;SANDONGOU;"00째14'3""E";"10째40'4""";98,02;
1254;DOUNGOU;"00째12'1""E";"10째37'4""";61,5;0,65
1255;MOUMOANE-CENTRE;"00째13'5""E";"10째39'1""";61,28;4,05
1256;YOAK;"00째12'3""E";"10째36'0""";61,48;5,4
1257;SIDJITRE;"00째10'1""E";"10째39'1""";128,59;
1258;TINGOLE;"00째11'0""E";"10째39'4""";122,44;
1259;DOUKPERGOU;"00째05'4""E";"10째40'2""";171,22;
1260;MALAGOU;"00째04'1""E";"10째39'4""";42,98;4,32
1261;TADONGOU;"00째09'3""E";"10째40'3""";153,02;
1262;YOAK;"00째12'3""E";"10째33'5""";43,06;1,705
1263;BROUK;"00째07'2""E";"10째35'1""";61,55;16,2
1264;TAMON-DJAPAK;"00째07'2""E";"10째36'0""";85,88;0,864
1265;NASSIAGOU;"00째06'5""E";"10째42'1""";74,05;16,2
1266;NASSIAGOU;"00째07'3""E";"10째41'5""";100,05;21,6
1267;KONA;"00째04'3""E";"10째42'1""";61,57;10,8
1268;NANO HAUT;"00째06'2""E";"10째41'4""";91,97;12,96
1269;PLIGOU CENTRE;"00째16'2""E";"10째39'1""";62,3;
1270;PLIGOU  II;"00째15'1""E";"10째42'0""";73,69;0,15
1271;KPINKPARPAK;"00째02'1""E";"10째44'5""";55,16;1,714
1272;NAKPABAK;"00째04'4""E";"10째45'3""";116,4;0,405
1273;BAKPANG-SOUKA;"00째06'0""E";"10째48'0""";100,15;
1274;YEMBOUR;"00째08'3""E";"10째32'3""";67,48;3,6
1275;BALALONGUE;"00째08'1""E";"10째33'1""";55,38;3,8
1276;NAYERGOU BAS;"00째09'2""E";"10째30'4""";55,4;6,4
1277;BOUMPOLE;"00째07'5""E";"10째32'2""";43,23;2,136
1278;TAMBINGUE;"00째10'5""E";"10째33'4""";122,28;0,1
1279;NANSONG;"00째10'1""E";"10째35'1""";;
1280;MORBAGUE+KPONG;"00째05'4""E";"10째44'0""";67,6;2,4
1281;NADAGOU;"00째07'5""E";"10째46'5""";;
1282;MONNE;"00째07'1""E";"10째43'2""";49,3;1,1
1283;NAKPANKORGOU II;"00째12'5""E";"10째32'5""";;
1284;TIGOU;"00째14'3""E";"10째36'4""";49,28;2,16
1285;TAMBIMONG;"00째14'5""E";"10째39'5""";55,36;10,8
1286;MOUMOANE;"00째14'3""E";"10째39'3""";67,6;
1287;SOUNGOU;"00째13'5""E";"10째40'5""";;
1288;MOUMOANE;"00째14'5""E";"10째39'1""";;
1289;MOUMOANE;"00째14'1""E";"10째40'0""";104;
1290;BOMBOUAKA;"00째11'5""E";"10째42'0""";;
1291;NANO CENTRE;"00째06'1""E";"10째41'5""";;
1292;BOPAK;"00째07'5""E";"10째40'5""";130,53;
1293;NANO CENTRE;"00째06'3""E";"10째42'3""";;
1294;NANO CENTRE;"00째06'2""E";"10째42'1""";;
1295;SANKPONG;"00째09'4""E";"10째43'2""";128,5;12,96
1296;KPENTING;"00째09'4""E";"10째40'0""";122,47;
1297;NABINE;"00째04'0""E";"10째39'0""";;
1298;NABINE;"00째04'0""E";"10째39'1""";134,65;
1299;TAMON-DJAPAK;"00째07'5""E";"10째35'0""";130,44;
1300;NASSIETE;"00째11'1""E";"10째43'1""";;
1301;NANSONG;"00째10'1""E";"10째35'1""";;
1302;KPEKDOUNE;"00째09'5""E";"10째44'3""";;
1303;SOUNSSOURI;"00째09'5""E";"10째45'4""";;
1304;TAMPIALIME CENTRE;"00째05'2""E";"10째46'2""";;
1305;MYR;"00째04'3""E";"10째47'4""";61,57;3,84
1306;NAKPABAK;"00째05'3""E";"10째45'0""";;
1307;NANNAGUE;"00째10'1""E";"10째43'4""";97,88;18
1308;SOUNGOU;"00째13'4""E";"10째41'3""";;
1309;TAMBIMONG;"00째14'5""E";"10째40'0""";50,65;13,2
1310;BOUMBOUMIOGOU;"00째11'2""E";"10째30'2""";;
1311;BOUMBOUMIOGOU;"00째11'2""E";"10째30'4""";;
1312;DJABARGOU;"00째14'5""E";"10째41'1""";56,68;1,108
1313;BOULOGOU CENTRE;"00째14'1""E";"10째41'2""";61,29;1
1314;NANO CENTRE;"00째07'0""E";"10째42'1""";75,92;16
1315;NASSIAGOU;"00째08'0""E";"10째42'3""";63,18;18
1316;NANO CENTRE;"00째08'0""E";"10째42'1""";76,3;19
1317;SAKA;"00째08'3""E";"10째42'4""";61,55;5,65
1318;KPIERIK;"00째08'0""E";"10째40'4""";140,58;6
1319;TAMBIMONG;"00째14'5""E";"10째40'2""";61,33;0,9
1320;LIEK;"00째01'1""E";"10째38'3""";43,28;14
1321;SANKPONG;"00째09'0""E";"10째43'1""";63,5;7,2
1322;SANKPONG;"00째09'0""E";"10째42'2""";89,26;2,32
1323;SISSIAK CENTRE;"00째08'1""E";"10째45'0""";67,39;9
1324;KPINKPARPAK;"00째04'2""E";"10째45'3""";67,38;0,825
1325;MALAGOU;"00째04'4""E";"10째39'5""";49,01;2
1326;TAMONGUE;"00째12'2""E";"10째33'2""";49,08;13,5
1327;LAMPOGONGUE;"00째10'1""E";"10째34'2""";110,03;0,37
1328;BOMBOUAKA;"00째12'3""E";"10째41'3""";;
1329;NATIGOU;"00째13'1""E";"10째37'1""";;
1330;SISSIAK CENTRE;"00째07'5""E";"10째44'5""";;
1331;SISSIAK CENTRE;"00째07'5""E";"10째45'0""";55,39;5,4
1332;WARK;"00째02'5""E";"10째44'2""";;
1333;KPINKPARPAK;"00째01'5""E";"10째46'3""";104,45;1,1
1334;TANNABE;"00째16'5""E";"10째41'2""";;
1335;NAYERGOU BAS;"00째10'1""E";"10째30'2""";;
1336;SANKPONG;"00째02'4""E";"10째36'1""";;
1337;NANO CENTRE;"00째07'3""E";"10째41'0""";73,5;0,9
1338;PLIGOU CENTRE;"00째17'1""E";"10째39'0""";44,5;1,5
1339;LOKPANO CENTRE;"00째06'4""E";"10째36'5""";;
1340;NANDOGA CENTRE;"00째15'3""E";"10째36'3""";;
1341;PLIGOU  II;"00째15'5""E";"10째41'2""";134,58;1,472
1342;NANDOGA CENTRE;"00째15'3""E";"10째36'2""";43,19;2,7
1343;MIR-KOUNKOUARE;"00째04'1""E";"10째46'2""";62,01;1,08
1344;BAKPANG-SOUKA;"00째06'2""E";"10째46'2""";61,52;1,565
1345;NAGOU;"00째08'0""E";"10째39'2""";;
1346;GBANKONE;"00째02'4""E";"10째36'1""";45,05;12
1347;DJARINGUE;"00째01'4""E";"10째37'1""";61,64;6,6
1348;NADONGOU;"00째03'0""E";"10째35'2""";85,86;7
1349;TOMONI;"00째03'1""E";"10째36'1""";50,08;8
1350;NOKDONG;"00째02'2""E";"10째39'4""";75;2,4
1351;MAMPROUG;"00째02'1""E";"10째40'3""";45;2
1352;TAMBIMONG+SANDJAK;"00째02'5""E";"10째37'5""";93;0,525
1353;KOULOGUE;"00째13'1""E";"10째41'0""";;
1354;NANO CENTRE;"00째06'2""E";"10째42'0""";;
1355;SOUNGOU;"00째14'0""E";"10째40'4""";;
1356;KANKANGBANE;"00째13'2""E";"10째43'5""";;
1357;MOUMOANE;"00째13'5""E";"10째39'5""";;
1358;DJAPAK;"00째06'5""E";"10째40'0""";;
1359;TANNABE;"00째17'1""E";"10째37'3""";116,28;1,004
1360;KOUNDOUNGOU I;"00째08'5""E";"10째31'5""";79,85;0,895
1361;KPINKPARPAK;"00째02'2""E";"10째45'3""";61,2;4,7
1362;MONNE;"00째07'2""E";"10째43'3""";55,26;1,2
1363;MYR;"00째04'2""E";"10째47'5""";79,62;0,9
1364;DORE;"00째05'5""E";"10째46'1""";55,36;4,3
1365;MOAK;"00째04'1""E";"10째43'1""";41;10,3
1366;NADA DORE;"00째08'2""E";"10째45'2""";49,16;1,2
1367;GNOATE;"00째03'1""E";"10째43'2""";49,25;10,3
1368;TOMONE;"00째04'2""E";"10째44'2""";55;4,3
1369;BAGOU CENTRE;"00째02'2""E";"10째40'4""";128,47;0,6
1370;TOMANGUE;"00째02'0""E";"10째43'1""";49;9
1371;MALAGOU;"00째04'3""E";"10째30'3""";134,5;0,6
1372;DJONE;"00째15'5""E";"10째40'3""";134,57;
1373;SALONGUE;"00째03'3""E";"10째38'5""";122,41;0,6
1374;DJAPAK;"00째06'4""E";"10째40'2""";49,17;0,8
1375;SOUNSSOURI;"00째09'2""E";"10째44'3""";42,91;2,16
1376;MAMPROUG;"00째02'1""E";"10째40'3""";58,6;2,5
1377;KUMBOG;"00째00'1""W";"10째39'4""";55,27;6,3
1378;TANGBAMONG;"00째01'2""E";"10째38'1""";67,3;0,8
1379;BORE;"00째07'5""E";"10째39'2""";73,43;0,8
1380;LOAMBENE;"00째09'1""E";"10째36'3""";79,46;1,1
1381;BOUGOU;"00째17'5""E";"10째37'2""";67,51;0,8
1382;TAMBINGUE;"00째10'3""E";"10째34'1""";49,47;0,9
1383;NAGOU;"00째08'4""E";"10째39'4""";29,65;0,423
1384;TAMONGUE;"00째10'1""E";"10째35'4""";40;5
1385;BEMBENGOU;"00째17'0""E";"10째38'0""";73,46;1,2
1386;KOUKOMONI;"00째07'5""E";"10째34'3""";79,36;0,9
1387;YEMBORBAGOU;"00째06'3""E";"10째36'0""";97,96;0,8
1388;TAMBIMONG;"00째14'4""E";"10째40'1""";85,69;0,8
1389;SANGOU;"00째04'0""E";"10째35'4""";76;0,8
1390;LIEK;"00째02'0""E";"10째38'5""";120,19;0,9
1391;PAOG;"00째04'5""E";"10째34'0""";49,07;1
1392;NANDJOARE;"00째09'5""E";"10째42'0""";103,05;0,6
1393;YERING;"00째14'1""E";"10째44'2""";97,94;0,8
1394;NAGNIAR;"00째05'0""E";"10째33'2""";90;1,1
1395;LOKO CENTRE;"00째14'1""E";"10째35'4""";49,21;1
1396;DOKLE;"00째09'1""E";"10째39'1""";85,76;0,8
1397;LOANKPONGOU;"00째10'1""E";"10째38'1""";97,96;0,8
1398;DJABIRE;"00째13'4""E";"10째41'3""";104,26;0,8
1399;DOUKPERGOU;"00째05'2""E";"10째40'2""";91,86;0,8
1400;KONKOGOU;"00째12'4""E";"10째42'1""";85,76;0,8
1401;NALBAGOU;"00째01'4""W";"10째39'2""";85,82;0,8
1402;GBINGBAMONE;"00째00'3""E";"10째39'2""";73,35;0,8
1403;KOTIDAGOU;"00째04'4""E";"10째39'2""";36,65;1,3
1404;DJAPAL BAS;"00째09'5""E";"10째27'3""";61,36;0,8
1405;SISSIAK CENTRE;"00째07'5""E";"10째44'5""";67,26;0,8
1406;DOUKPERGOU;"00째05'2""E";"10째40'2""";43;0,8
1407;KOLK I;"00째18'5""E";"10째37'2""";46;2,5
1408;MANDIARE;"00째16'2""E";"10째39'0""";43;1,4
1409;TAMBIMONG+SANDJAK;"00째02'5""E";"10째37'5""";74;0,6
1410;TAMBIMONG+SANDJAK;"00째02'5""E";"10째37'5""";78;0,7
1411;GARE;"00째02'1""E";"10째40'5""";51,03;0,9
1412;BIATLARE;"00째09'3""E";"10째40'5""";123,3;7,8
1413;NASSIETE;"00째11'1""E";"10째43'0""";126,29;9,36
1414;GOUNDOGA;"00째09'2""E";"10째41'1""";132,24;0,48
1415;NADOUANOU;"00째18'0""E";"10째38'5""";42,74;6
1416;NADAPAK;"00째08'1""E";"10째45'3""";39,95;0,945
1417;GBANDJIEK;"00째16'4""E";"10째38'0""";45;2
1418;NANOU-KONKOK;"00째15'2""E";"10째30'2""";152,99;0,62
1419;TAMONGUE;"00째10'1""E";"10째35'4""";73,47;0,7
1420;BONKOUNGOU;"00째09'4""E";"10째31'5""";61,27;12,96
1421;TAMPIALIME CENTRE;"00째00'1""W";"10째45'0""";61,27;1,27
1422;TOMANGUE;"00째02'1""E";"10째43'1""";54,86;9
1423;NADA DORE;"00째08'4""E";"10째45'4""";85,2;0,58
1424;TOMONE;"00째04'2""E";"10째44'3""";49,74;3,6
1425;SATIKOUNOU;"00째10'5""E";"10째35'4""";99,92;
1426;WARK;"00째01'3""E";"10째44'3""";49,93;1,2
1427;DJABDAWOUR;"00째00'3""E";"10째45'1""";54,9;3
1428;DJALOGUE;"00째13'2""E";"10째43'0""";178,51;9,45
1429;KONKOGOU;"00째12'4""E";"10째42'1""";184,55;9
1430;PLIGOU  II;"00째15'0""E";"10째41'2""";46,48;2,5
1431;DIMANGOU;"00째10'0""E";"10째37'1""";55,5;0,942
1432;PLIGOU I;"00째17'1""E";"10째39'0""";;1,623
1433;DIMANGOU;"00째10'0""E";"10째37'1""";97,99;1,237
1434;DORE;"00째05'5""E";"10째46'1""";43,02;3
1435;YOAK;"00째12'3""E";"10째34'2""";81,02;0,9
1436;TAMONGUE;"00째10'1""E";"10째35'4""";105,17;
1437;MANDJOAK;"00째02'5""E";"10째51'5""";55,1;0,85
1438;NAKI OUEST;"00째05'2""E";"10째54'2""";56,5;1,44
1439;TOAGA-CENTRE;"00째14'4""E";"10째53'0""";28;2,7
1440;BOANKONG;"00째14'2""E";"10째52'5""";43;0,73
1441;BIDJENGA-CENTRE;"00째16'2""E";"10째42'4""";91;0,7
1442;WANGBANE;"00째06'0""E";"10째50'2""";49;0,97
1443;NIOUKPOURMA;"00째08'0""E";"10째49'5""";79;0,8
1444;MANDIME I;"00째07'5""E";"10째47'4""";43,1;1,5
1445;PANA BAGOU;"00째15'0""E";"10째47'0""";82;4
1446;KOUNTONG - BONG;"00째13'3""E";"10째52'5""";34;9
1447;KONI;"00째12'4""E";"10째53'2""";;
1448;TANTIGOU;"00째11'2""E";"10째51'4""";;
1449;BANTAMBOARE;"00째14'3""E";"10째49'5""";59;3
1450;NIOUKPOURMA;"00째08'0""E";"10째49'5""";71,7;1
1451;PANA CENTRE;"00째16'0""E";"10째45'1""";38;1,5
1452;NAYENGUE II;"00째06'3""E";"10째55'0""";41,2;4,5
1453;KALSOME;"00째10'1""E";"10째51'0""";35;8,5
1454;NAMPANTE;"00째07'0""E";"10째51'3""";59,7;1,5
1455;TONTE;"00째06'0""E";"10째49'0""";41,2;2,5
1456;YANYANE II;"00째09'2""E";"10째50'1""";27,7;12
1457;SIDIKI II;"00째15'4""E";"10째50'5""";77;0,6
1458;SIDIKI II;"00째15'5""E";"10째51'0""";59;0,9
1459;KONI;"00째13'0""E";"10째54'0""";41,2;4
1460;KALMANE;"00째10'5""E";"10째51'3""";33;3,5
1461;TANTIGOU;"00째11'2""E";"10째51'5""";32;12
1462;NAPIEMBOUG;"00째11'4""E";"10째48'3""";50,6;
1463;TANGBARE;"00째16'4""E";"10째48'3""";81,04;3,5
1464;BABONA I;"00째18'4""E";"10째49'2""";30,13;7
1465;BABONA  II;"00째17'2""E";"10째48'5""";31,15;3,3
1466;KANTINDI;"00째16'5""E";"10째53'5""";65,9;2,8
1467;GONDJOAGA;"00째21'0""E";"10째54'4""";51;1,6
1468;GONDJOAGA;"00째20'4""E";"10째54'2""";53;1
1469;AFOUNGA;"00째20'5""E";"10째51'4""";81,04;3,5
1470;LIGBATRE;"00째21'2""E";"10째52'5""";33;6
1471;LOTOGOU CENTRE;"00째01'0""E";"10째47'4""";45;3
1472;GOUSSIESSE;"00째00'5""E";"10째49'3""";35;2,7
1473;NANMONGOU-PEULH;"00째01'0""E";"10째50'3""";27;4
1474;KARIATA;"00째03'1""E";"10째52'5""";29,7;45
1475;KOUNKOMONI;"00째04'1""E";"10째54'3""";45;2,5
1476;NAMONGUE;"00째06'5""E";"10째54'0""";29,8;10
1477;BADORE I;"00째12'1""E";"10째49'5""";59;3,7
1478;KAMBELI;"00째09'5""E";"10째56'4""";42,8;0,8
1479;TANTOATRE II;"00째09'3""E";"10째56'1""";33;2,4
1480;DJAPIENI;"00째08'5""E";"10째58'3""";56;1,7
1481;TOUTOUGOU;"00째08'3""E";"10째53'2""";35,7;6,4
1482;TOUMANGUE;"00째08'0""E";"10째51'5""";59;2,25
1483;DJAMMIERE;"00째07'2""E";"10째51'0""";70;8
1484;GOANI;"00째08'3""E";"10째49'0""";47,23;0,8
1485;GNONGOU;"00째08'2""E";"10째51'0""";29,9;12
1486;MANDJOAK;"00째02'5""E";"10째52'1""";50,65;1,15
1487;KOLMATI;"00째04'2""E";"10째48'0""";27;3
1488;NAGRE;"00째06'3""E";"10째49'4""";71;1,7
1489;DJAKPAGA I;"00째13'4""E";"11째03'2""";50;1
1490;TAMBISGOU;"00째00'1""E";"10째47'3""";66,43;2,1
1491;DAMPIONG;"00째13'2""E";"10째55'5""";38;1,2
1492;POISSONGUI CENTRE;"00째13'4""E";"11째02'1""";57;1,5
1493;POISSONGUI CENTRE;"00째13'2""E";"11째02'2""";29;6
1494;TCHIEGLE I;"00째16'2""E";"11째02'4""";32,95;3,5
1495;GOUNTOLE;"00째16'5""E";"10째45'5""";40,4;2
1496;NANOUME;"00째10'3""E";"10째57'5""";;
1497;SABELIANI;"00째02'2""E";"10째54'1""";32,7;2,25
1498;SABELIANI;"00째02'0""E";"10째54'2""";32,55;12
1499;BATEMONE;"00째16'3""E";"10째47'5""";47;9
1500;PANA BAGOU;"00째15'3""E";"10째46'5""";87;5
1501;DAPANKPERGOU;"00째13'0""E";"10째50'0""";47;2
1502;BANTAMBOARE;"00째14'3""E";"10째49'0""";81,5;1
1503;KONSOGOU;"00째09'3""E";"10째54'3""";;
1504;KOURIENTRE CENTRE;"00째14'1""E";"11째00'5""";;
1505;KONSOGOU;"00째09'3""E";"10째54'3""";57;0,8
1506;SEOSAMBIANI;"00째07'2""E";"10째53'5""";41,4;5,1
1507;MORDJOAGUE;"00째07'3""E";"10째55'1""";38;3
1508;BONABE;"00째06'5""E";"10째54'2""";39,49;3
1509;TANLONA;"00째04'4""E";"10째53'0""";80,9;2
1510;TANLONA;"00째04'1""E";"10째52'5""";32,8;1,89
1511;TCHANDANA;"00째06'4""E";"10째55'2""";77,8;10
1512;GABONGBONG;"00째03'5""E";"10째53'1""";39;6
1513;NABOULPIONGUE;"00째08'1""E";"10째56'3""";44;5
1514;NABADJOANI;"00째07'4""E";"10째57'5""";36,7;3,8
1515;NAMONDOUGBA;"00째07'4""E";"10째57'3""";32;6
1516;PALATE;"00째00'2""E";"10째54'5""";31,5;3
1517;BASSONDOUGOU;"00째01'5""E";"10째56'4""";32;6
1518;SINTOTI;"00째00'5""E";"10째57'1""";35;9
1519;KPATCHIANGBANE;"00째00'0""E";"10째57'1""";29;3
1520;KONGOBOUNI;"00째03'4""E";"10째58'4""";32;2,8
1521;KONGO MOBA;"00째02'4""E";"10째59'1""";29;1,8
1522;GBATANAGUE;"00째05'3""E";"10째51'1""";47;6
1523;NAKPATANGUE;"00째05'0""E";"10째52'2""";29;3
1524;KONKONGUE;"00째05'1""E";"10째49'5""";41;3
1525;BOAMPAK;"00째02'1""E";"10째52'0""";26;12
1526;NATCHARE;"00째01'3""E";"10째51'5""";29;6
1527;NANMONGOU-PEULH;"00째00'1""E";"10째50'4""";44;3
1528;GOUSSIESSE  III;"00째00'4""E";"10째49'2""";38;4
1529;WARKAMBOU CENTRE;"00째00'3""W";"10째48'2""";33,23;4,5
1530;DASSOUTE KOUNKOGUE  II;"00째01'5""E";"10째45'5""";32;0,8
1531;WAGANTE;"00째06'0""E";"10째52'5""";28,2;3
1532;SAMBONA;"00째06'0""E";"10째51'2""";35;1,5
1533;NASSABLE;"00째11'5""E";"10째53'1""";50;6
1534;NAMBONGA BAS;"00째16'0""E";"10째53'1""";38,6;1,4
1535;DAKPANTE  I;"00째15'4""E";"10째55'1""";50;0,8
1536;NANERGOU CENTRE;"00째08'4""E";"10째54'0""";45;10
1537;NANERGOU CENTRE;"00째09'0""E";"10째54'1""";34,96;2,8
1538;KPATCHIATE I;"00째19'1""E";"11째02'3""";65;1
1539;NAGNONG;"00째11'3""E";"10째49'0""";;
1540;MOLBAGOU;"00째19'0""E";"10째44'2""";35;12
1541;SIBORTOTI;"00째11'3""E";"10째54'2""";30,7;1,2
1542;MAKOU;"00째03'3""E";"10째48'3""";35,5;9
1543;SANKARGBANG;"00째05'2""E";"10째54'4""";47,5;3
1544;DIYOGUE;"00째17'5""E";"10째46'0""";53;0,9
1545;NALOAGUE I;"00째15'5""E";"10째46'0""";123;4
1546;BOUNDJOARE;"00째17'0""E";"10째46'5""";120;3
1547;BIDJENGA-CENTRE;"00째16'3""E";"10째42'4""";31,7;5
1548;KPEGUI;"00째12'0""E";"10째52'3""";65;0,9
1549;YANYANE;"00째09'0""E";"10째50'2""";56;4
1550;DASSOUTE KOUNKOGUE;"00째02'0""E";"10째45'4""";36;1,5
1551;SIBORTOTI;"00째12'0""E";"10째54'0""";63;3
1552;NABOALE;"00째17'1""E";"10째40'3""";65;0
1553;SINTOTI;"00째00'3""E";"10째56'1""";68;0,8
1554;SIBORTOTI;"00째10'4""E";"10째53'5""";;
1555;SIBORTOTI;"00째10'2""E";"10째53'5""";;
1556;MATIGA;"00째15'3""E";"10째58'3""";65;2,24
1557;PANA BAGOU;"00째14'5""E";"10째46'5""";84;3,41
1558;PANA BAGOU;"00째15'0""E";"10째46'5""";96;3,22
1559;KONI;"00째12'5""E";"10째53'3""";55;8,08
1560;KAMDONE;"00째01'1""E";"10째48'0""";60;8,48
1561;DJAKPAGA I;"00째13'2""E";"11째03'4""";40;8,31
1562;NANOUME;"00째10'2""E";"10째58'1""";55;8,48
1563;DJANGOU;"00째14'2""E";"10째48'5""";73;0,93
1564;KPEGUIBONGUE;"00째14'0""E";"10째59'1""";62,85;0,9
1565;KOURIENTRE CENTRE;"00째13'5""E";"11째01'0""";47,48;0,9
1566;BONGDOURE;"00째00'0""E";"10째47'5""";60;1,49
1567;PANA CENTRE;"00째16'4""E";"10째44'3""";63,72;3,2
1568;NAKOLGOU;"00째10'5""E";"10째54'3""";58,8;8,57
1569;KPADJENTA;"00째12'4""E";"10째57'4""";41;8,4
1570;NAMONGOU;"00째14'1""E";"10째54'5""";55;8,41
1571;DJABARGOU;"00째10'3""E";"10째50'3""";64,13;8,47
1572;TANHALI;"00째06'3""E";"10째57'0""";63;4,1
1573;TCHANKOUNKONKONG;"00째07'3""E";"10째59'0""";73;5,6
1574;NANDJAK;"00째05'4""E";"10째58'5""";46;6
1575;NANDJAK;"00째05'5""E";"10째59'1""";76;0,42
1576;NAMARE;"00째05'0""E";"10째59'0""";78;1,12
1577;TANLOGUE;"00째00'2""W";"10째54'2""";73;7,37
1578;TOUGUIBEME;"00째00'1""E";"10째53'1""";70;1,23
1579;NANIK-CENTRE;"00째02'3""E";"10째47'2""";76;7,99
1580;NATALE;"00째16'2""E";"10째46'4""";107;5,5
1581;BOUMONE;"00째20'0""E";"10째45'0""";71;8,2
1582;TAMBIGOU;"00째20'4""E";"10째46'5""";61,29;4
1583;DALAGOU;"00째13'3""E";"10째59'1""";58;4,57
1584;KPONG  I;"00째12'5""E";"10째58'5""";55;2,46
1585;TIDONTE II;"00째17'5""E";"10째58'5""";42;5,55
1586;GNOBTCHATE;"00째20'1""E";"10째59'1""";52;17,62
1587;SANFATOUTE II;"00째18'0""E";"10째56'5""";49;2,08
1588;LOUANGA CENTRE;"00째19'1""E";"10째54'0""";62;8,38
1589;KORBONGOU CENTRE;"00째18'3""E";"10째54'5""";63;1,94
1590;KORBONGOU CENTRE;"00째18'1""E";"10째54'5""";53,4;1,19
1591;SANLEGDJIMOI;"00째14'5""E";"10째56'4""";62;2,92
1592;MARGBA;"00째15'2""E";"10째59'5""";68;1
1593;NATIGOU I;"00째16'0""E";"11째00'1""";51;7,82
1594;OUBIAGOU;"00째22'0""E";"10째57'3""";44;8,54
1595;OUBIAGOU;"00째22'0""E";"10째57'2""";63;7,2
1596;BAGNAME-KANTINDI;"00째18'0""E";"10째56'0""";70;1,29
1597;OBITENLEGOU I;"00째16'3""E";"10째56'1""";52;2,34
1598;TANTOGA I;"00째20'2""E";"10째57'5""";46,5;8,58
1599;BOALE;"00째21'3""E";"11째01'3""";67;2,01
1600;SANFATOUTE CENTRE;"00째18'0""E";"11째00'3""";55,07;2,9
1601;SANFATOUTE CENTRE;"00째18'0""E";"11째00'2""";55;5,28
1602;KPADOUAENE;"00째18'1""E";"10째40'5""";55;1,63
1603;DJOHOUNGOU;"00째02'3""E";"10째56'3""";53;8,19
1604;BOUYEME;"00째05'1""E";"10째57'0""";50;8,32
1605;FLINGBONG;"00째05'1""E";"10째57'4""";61;1,05
1606;DJAPIENI;"00째08'3""E";"10째58'5""";63,85;3,2
1607;KPONG  III;"00째12'0""E";"10째58'4""";75;0,51
1608;FAL-NHAGUE;"00째01'5""E";"10째55'5""";49;4,48
1609;KPATOTE;"00째14'5""E";"11째02'0""";65;4,11
1610;NADJOU;"00째22'3""E";"11째00'1""";66;1,05
1611;LIPIAKOUL;"00째21'4""E";"10째58'2""";49,2;8,72
1612;TCHABIGOU;"00째19'0""E";"10째57'0""";59;2,1
1613;DATOUNDJENA;"00째01'0""E";"10째53'1""";51;7,25
1614;TANTOGA II;"00째19'0""E";"10째58'1""";70;0
1615;BOUGOU II;"00째15'1""E";"10째59'1""";53;8,09
1616;KPEDJINI  I;"00째14'5""E";"10째57'4""";59;7,06
1617;TIDJOATE I;"00째16'5""E";"10째57'5""";41;8,35
1618;BOLA;"00째12'3""E";"11째02'2""";50,7;4,5
1619;DJAMMIERE;"00째07'1""E";"10째51'0""";84,12;3,5
1620;NASSABLE;"00째11'5""E";"10째53'1""";54,15;1,9
1621;NASSABLE;"00째10'5""E";"10째53'2""";73,8;1,2
1622;TANTIGOU;"00째11'4""E";"10째51'4""";45;5,15
1623;DAPANKPERGOU;"00째13'0""E";"10째50'5""";;
1624;TANTIGOU BARRAGE;"00째10'3""E";"10째53'0""";;
1625;NADEGRE;"00째11'3""E";"10째49'3""";72,85;0,1
1626;BIANKOURI;"00째02'1""E";"10째58'1""";40;10
1627;NAKORGOU-TANTIALI;"00째04'1""E";"10째56'1""";55,24;4,9
1628;NAKORGOU-TANTIALI;"00째03'5""E";"10째56'1""";51,08;2,8
1629;NAMARE;"00째05'1""E";"10째59'2""";40;10
1630;NAMARE;"00째05'2""E";"10째59'1""";49,26;0,9
1631;NABONGA;"00째02'0""W";"10째47'0""";43,05;3
1632;KORBONGOU CENTRE;"00째18'2""E";"10째54'3""";41,67;
1633;DALWAK;"00째10'5""E";"10째48'4""";;
1634;DAMPIONG;"00째13'3""E";"10째56'1""";54,91;1
1635;DAMPIONG;"00째13'1""E";"10째56'2""";34,07;4,5
1636;GBATANAGUE;"00째05'3""E";"10째51'3""";42,16;7
1637;NAGNONG;"00째11'1""E";"10째49'1""";;
1638;NAGNONG;"00째11'1""E";"10째49'4""";60;0,5
1639;NAKPAGLI;"00째10'2""E";"10째47'2""";62,02;1
1640;KPADOUAENE;"00째17'5""E";"10째41'0""";;
1641;PANA BAGOU;"00째15'2""E";"10째46'5""";61,63;2,7
1642;NABOALE;"00째17'5""E";"10째40'3""";;1,1
1643;KORBONGOU CENTRE;"00째18'3""E";"10째54'3""";37,57;2,6
1644;KANTINDI;"00째16'3""E";"10째53'3""";36,83;7,5
1645;SANFATOUTE CENTRE;"00째18'0""E";"10째59'5""";59,71;1
1646;BAFONGUE  I;"00째01'3""E";"10째48'0""";;
1647;TINDJOTE;"00째06'1""E";"10째54'2""";;
1648;TINTOWANGUEGBANG;"00째05'0""E";"10째54'2""";;1,2
1649;TINTOWANGUEGBANG;"00째05'1""E";"10째54'0""";;
1650;NAKPALI I;"00째05'4""E";"10째56'1""";;
1651;TANHALI;"00째06'5""E";"10째56'5""";60;0,8
1652;FLINGBONG;"00째05'2""E";"10째57'2""";;
1653;NAMARE;"00째05'1""E";"10째59'1""";;
1654;NAMARE;"00째04'4""E";"10째59'4""";;
1655;SEOSAMBIANI;"00째07'5""E";"10째53'3""";;
1656;SEOSAMBIANI;"00째07'3""E";"10째53'1""";;
1657;KPONG  I;"00째12'3""E";"10째58'5""";35;5
1658;KPONG  II;"00째13'0""E";"10째58'4""";;
1659;KPONG  II;"00째13'1""E";"10째59'1""";;
1660;KOUNTONG - BONG;"00째13'1""E";"10째53'0""";44,09;5,4
1661;NAMBONGA BAS;"00째17'1""E";"10째51'5""";;
1662;KORBONGOU CENTRE;"00째18'0""E";"10째54'2""";;
1663;NADJOU;"00째22'2""E";"11째00'2""";;
1664;TCHAGUE;"00째14'1""E";"10째50'1""";42,25;1,5
1665;GOANI;"00째08'3""E";"10째48'5""";70;0,8
1666;TANLONA;"00째04'5""E";"10째53'2""";;
1667;LOCKTE;"00째03'4""E";"10째54'5""";61,93;2,132
1668;BOUYEME;"00째04'5""E";"10째57'0""";;
1669;BIANKOURI;"00째01'2""E";"10째57'5""";;
1670;TCHANKOUNKONKONG;"00째07'2""E";"10째58'5""";;
1671;TCHANKOUNKONKONG;"00째07'3""E";"10째58'4""";;
1672;NANMONGOU-PEULH;"00째01'1""E";"10째51'1""";;
1673;NANMONGOU-PEULH;"00째01'0""E";"10째50'5""";;
1674;BORIMPIENGUE;"00째14'0""E";"10째58'4""";;
1675;SIBORTOTI;"00째11'3""E";"10째54'4""";;
1676;KORBONGOU CENTRE;"00째18'2""E";"10째54'4""";;
1677;YOK;"00째19'1""E";"10째45'4""";;
1678;TANNINKAOG;"00째11'1""E";"10째57'4""";;
1679;KPONG  III;"00째11'5""E";"10째58'4""";;
1680;NAMONGUE;"00째06'2""E";"10째53'4""";;
1681;NAKI OUEST;"00째05'3""E";"10째54'1""";;
1682;TANLONA;"00째04'0""E";"10째53'2""";;
1683;KOUNKOMONI;"00째04'3""E";"10째54'1""";63,38;1
1684;NAKI OUEST;"00째05'1""E";"10째55'5""";;
1685;TOUOGONG;"00째06'2""E";"10째55'1""";;
1686;TCHANDANA;"00째06'5""E";"10째56'1""";;
1687;TCHANDANA;"00째06'3""E";"10째56'0""";67,7;4,1
1688;TCHANDANA;"00째07'1""E";"10째56'0""";;
1689;TCHANDANA;"00째07'1""E";"10째55'3""";;
1690;DONTOUGOU;"00째06'5""E";"10째57'1""";;
1691;NAKPALI I;"00째06'1""E";"10째56'4""";;
1692;NAKPALI I;"00째05'5""E";"10째56'3""";;
1693;NAKPALI I;"00째05'5""E";"10째56'5""";;
1694;NAMARE;"00째05'1""E";"10째59'4""";60;1,2
1695;NANMONGOU-PEULH;"00째01'1""E";"10째51'1""";;
1696;KOUDJAGOU;"00째00'3""E";"10째51'0""";;
1697;TAMI CENTRE;"00째02'0""E";"10째50'5""";;
1698;TOUOGONG;"00째06'1""E";"10째55'2""";;
1699;MORDJOAGUE;"00째08'0""E";"10째55'0""";;
1700;TOUTOUGOU;"00째08'5""E";"10째53'0""";;
1701;NATCHARE;"00째02'3""E";"10째51'5""";;
1702;SOALMONGUE;"00째02'2""E";"10째50'1""";;
1703;TCHANGUI;"00째02'4""E";"10째49'5""";;
1704;MAKOU;"00째03'2""E";"10째48'3""";;
1705;WANGBANE;"00째05'5""E";"10째50'0""";;
1706;TANLOGUE;"00째00'2""W";"10째54'1""";;
1707;NAKORGOU-TANTIALI;"00째04'3""E";"10째57'0""";46,2;0,85
1708;WAHO-NHAGUE I;"00째03'0""E";"10째50'4""";;
1709;BASSONDOUGOU;"00째01'0""E";"10째56'5""";;
1710;KANKADJENG II;"00째12'0""E";"10째57'5""";;
1711;LOUANGA  I;"00째18'4""E";"10째54'4""";;
1712;NABADJOANI;"00째07'5""E";"10째58'0""";;
1713;KPASSONG;"00째16'4""E";"11째02'0""";;
1714;YEMBOATE MOSSI;"00째17'3""E";"11째02'4""";;
1715;NATBAGOU;"00째12'3""E";"10째52'4""";;
1716;DJANGOU;"00째14'3""E";"10째48'3""";60;1,9
1717;WALOAGUE;"00째19'1""E";"11째00'1""";60,45;
1718;POISSONGUI CENTRE;"00째13'2""E";"11째01'5""";54;2,4
1719;PANA BAGOU;"00째14'1""E";"10째46'1""";83,66;3
1720;BIDJENGA-CENTRE;"00째16'2""E";"10째42'2""";73,86;0
1721;BIDJENGA-CENTRE;"00째16'0""E";"10째43'2""";91,55;0
1722;PANA BAGOU;"00째16'0""E";"10째47'1""";80;0,8
1723;NANERGOU CENTRE;"00째09'0""E";"10째54'5""";49;2,1
1724;NABOULPIONGUE;"00째08'0""E";"10째56'2""";84;4,49
1725;GABONGBONG;"00째03'4""E";"10째53'0""";40;5,5
1726;WORGOU;"00째11'5""E";"10째49'4""";56;2
1727;GONDJOAGA;"00째20'2""E";"10째54'2""";40;4,37
1728;BIDJENGA-CENTRE;"00째16'2""E";"10째42'4""";72;1
1729;KOUNTONG - BONG;"00째13'2""E";"10째52'4""";;
1730;PANA BAGOU;"00째13'2""E";"10째46'0""";;
1731;KOBOATE;"00째12'1""E";"10째56'0""";;
1732;TCHANKOUNKONKONG;"00째07'1""E";"10째59'1""";;
1733;NANDJAK;"00째06'1""E";"10째58'5""";;
1734;YALBONGBONGUE;"00째06'0""E";"10째59'0""";;
1735;NAGRE II;"00째06'3""E";"10째54'2""";;
1736;KOURDJOAK;"00째08'2""E";"10째47'3""";88,07;1,2
1737;SEOSAMBIANI;"00째07'4""E";"10째53'3""";42,64;3,6
1738;TOUTOUGOU;"00째08'2""E";"10째53'0""";39,64;16,52
1739;NAMONDOUGBA;"00째07'2""E";"10째57'2""";44,66;3,5
1740;NAMARE;"00째05'1""E";"10째59'3""";44,69;6
1741;TANLOTRE;"00째14'3""E";"10째51'1""";103,05;2
1742;POISSONGUI CENTRE;"00째14'2""E";"11째02'1""";42;3
1743;DJAKPAGA I;"00째13'4""E";"11째03'0""";42,95;16
1744;KALMAM;"00째20'1""E";"11째00'1""";41,63;2,8
1745;KOUNTONE;"00째16'1""E";"10째45'4""";121,71;0
1746;DONTOUGOU;"00째06'3""E";"10째57'1""";45,8;1
1747;KONKONGBANE;"00째04'1""E";"10째50'1""";44,67;4,5
1748;TANTIGOU BARRAGE;"00째10'2""E";"10째52'4""";52,36;4,5
1749;NAPIEMBOUG;"00째11'2""E";"10째48'1""";36,87;0,72
1750;TOUGUIBEME;"00째00'4""E";"10째53'1""";81,74;
1751;WAGANTE;"00째06'0""E";"10째52'1""";71,72;6
1752;TCHANKOUNKONKONG;"00째07'3""E";"10째59'2""";44,66;7
1753;FIANKOULOUKTE;"00째00'2""E";"10째49'5""";45,72;9
1754;TCHANKOUNKONKONG;"00째07'2""E";"10째58'4""";42,8;4
1755;KOURIENTRE CENTRE;"00째13'5""E";"11째00'4""";51,24;2,11
1756;NABAGOU;"00째20'1""E";"10째53'2""";42,86;9
1757;KORBONGOU CENTRE;"00째18'2""E";"10째54'4""";45,08;6
1758;TCHINDIGUE;"00째17'3""E";"10째46'1""";112,28;
1759;NADIEGOU;"00째16'0""E";"10째43'5""";112,26;
1760;KAMELAGOU;"00째16'4""E";"10째42'5""";71,84;
1761;NAGRE II;"00째06'1""E";"10째50'4""";53,89;14,4
1762;OBITENLEGOU  II;"00째15'5""E";"10째56'4""";45,13;14,4
1763;TOMONLE I;"00째07'3""E";"10째59'0""";90,1;7,2
1764;KAMELAGOU;"00째16'4""E";"10째42'5""";161,95;
1765;TCHINDIGUE;"00째17'3""E";"10째46'1""";162,1;
1766;NADIEGOU;"00째16'1""E";"10째43'5""";167,26;
1767;TCHINDIGUE;"00째17'3""E";"10째46'2""";153,36;
1768;NADIEGOU;"00째16'0""E";"10째43'5""";112,59;
1769;TOUGUIBEME;"00째00'3""E";"10째53'1""";85,4;0,7
1770;KOUNTONE;"00째16'1""E";"10째45'4""";149,3;
1771;KORBONGOU CENTRE;"00째18'4""E";"10째54'5""";42,6;3,6
1772;KABILAGOU  I;"00째17'4""E";"10째54'4""";40,4;6
1773;NIOUKPOURMA;"00째08'0""E";"10째50'0""";44,85;0,782
1774;POKPERA;"00째03'3""E";"10째47'4""";67,55;
1775;TIDONTE II;"00째18'4""E";"10째59'2""";49,38;2,234
1776;TIDONTE IV;"00째17'2""E";"10째59'3""";49,16;8,1
1777;POKPERA;"00째03'4""E";"10째47'5""";;
1778;KPADENTAGUE;"00째04'1""E";"10째59'4""";61,36;3,6
1779;KPADENTAGUE;"00째04'1""E";"10째59'4""";55,27;3,6
1780;POUSSAH;"00째06'4""E";"10째58'1""";67,61;16,2
1781;NABOULPIONGUE;"00째07'5""E";"10째56'4""";49,3;4,6
1782;SIDIKI  I;"00째15'3""E";"10째50'2""";100;
1783;BIDJENGA-CENTRE;"00째16'0""E";"10째42'1""";128,63;
1784;NADIEGOU;"00째16'1""E";"10째43'3""";171,17;0,108
1785;DONTOUGOU;"00째06'3""E";"10째57'2""";67,49;0,8
1786;PALATE;"00째00'2""E";"10째55'1""";61,36;4,8
1787;SINTOTI;"00째00'4""E";"10째57'1""";67,53;7,2
1788;KARIATA;"00째03'0""E";"10째53'0""";49,25;3
1789;BASSONDOUGOU;"00째01'4""E";"10째56'5""";61,48;10
1790;NAKI OUEST;"00째06'0""E";"10째54'2""";49,19;2,2
1791;GOUSSIESSE;"00째00'0""E";"10째49'5""";61,57;1,6
1792;GOUSSIESSE;"00째00'3""E";"10째49'4""";55,34;0,9
1793;FIANKOULOUKTE;"00째00'1""E";"10째50'2""";67,65;4,8
1794;KOUNKOAGOU;"00째14'4""E";"10째46'2""";104,15;4,9
1795;NALOAGUE I;"00째15'5""E";"10째45'4""";146,88;8,1
1796;KOUMBOGOU;"00째13'1""E";"10째45'3""";104,08;8,1
1797;NALOAGUE I;"00째15'3""E";"10째45'4""";;
1798;PANA CENTRE;"00째16'4""E";"10째46'3""";;
1799;PANA BAGOU;"00째14'5""E";"10째47'2""";67,61;9,257
1800;PANA CENTRE;"00째16'4""E";"10째45'0""";85,73;0,45
1801;BARKOK;"00째01'0""E";"10째48'2""";43,02;8,1
1802;KPADOUAENE;"00째17'2""E";"10째41'1""";73,63;0,736
1803;NANERGOU CENTRE;"00째08'0""E";"10째54'5""";;
1804;SIBORTOTI;"00째11'1""E";"10째54'2""";55,25;6,48
1805;KONKONGBANE;"00째03'5""E";"10째49'5""";49,31;15,391
1806;TIMPIONGUE;"00째00'5""E";"10째50'5""";61,53;8,5
1807;TIMPIONGUE;"00째01'0""E";"10째51'5""";52,33;14,5
1808;KONKONGUE;"00째05'2""E";"10째49'4""";55,34;4,984
1809;BOLA;"00째12'2""E";"11째02'1""";55,33;4,32
1810;KOLBIGOU;"00째03'1""E";"10째45'5""";49,21;3,811
1811;SOUGOUBOGOU;"00째03'3""E";"10째46'1""";55,34;6,8
1812;NIOUKPOURMA;"00째07'4""E";"10째49'3""";;
1813;TANKOMONLE;"00째17'5""E";"10째51'2""";55,4;21,6
1814;KPATOTI  II;"00째14'4""E";"11째01'3""";55,33;2,5
1815;TANTIGOU BARRAGE;"00째10'0""E";"10째52'5""";61,55;16,2
1816;TANTIGOU;"00째11'2""E";"10째51'2""";;
1817;BAFONGUE  I;"00째01'3""E";"10째48'2""";;
1818;NAMARE;"00째05'5""E";"10째58'3""";;
1819;POLOUGOU;"00째15'2""E";"10째45'2""";122,47;
1820;TCHINDIGUE;"00째17'3""E";"10째46'2""";;
1821;NIOUKPOURMA;"00째07'5""E";"10째49'1""";120,42;
1822;YANYANE;"00째08'2""E";"10째50'2""";52,1;1
1823;NAGRE II;"00째06'4""E";"10째51'0""";42,55;11
1824;DAMPIONG;"00째13'1""E";"10째56'3""";73,38;0,72
1825;NAYENGUE II;"00째06'4""E";"10째55'0""";79,55;5,35
1826;TOUGUIBEME;"00째00'1""E";"10째53'2""";49,13;1,98
1827;TINTOWANGUEGBANG;"00째05'2""E";"10째54'0""";57,15;0,99
1828;NAYENGUE II;"00째06'5""E";"10째54'5""";76,45;2,87
1829;TCHANDANA;"00째06'3""E";"10째55'3""";55,18;5,6
1830;TCHANDANA;"00째07'0""E";"10째55'5""";55,22;4,95
1831;NAMARE;"00째01'2""E";"10째57'5""";53,9;2,26
1832;NAMARE;"00째04'4""E";"10째59'3""";47,04;4,3
1833;MORDJOAGUE;"00째07'4""E";"10째55'0""";51,37;4,7
1834;PANA BAGOU;"00째15'2""E";"10째46'5""";97,76;2,7
1835;LOBORE;"00째14'5""E";"10째45'5""";122,25;4,5
1836;TIMANGA;"00째14'0""E";"10째54'1""";42,88;5
1837;TAMI CENTRE;"00째05'0""E";"10째49'1""";61,13;3,96
1838;TANLOGUE;"00째00'5""E";"10째54'3""";57,46;3,695
1839;WANGBANE;"00째05'3""E";"10째49'4""";120;1
1840;BAFONGUE II;"00째01'2""E";"10째48'2""";;
1841;NAKI OUEST;"00째05'5""E";"10째54'0""";;
1842;TAMBIGOU;"00째19'0""E";"10째40'4""";;
1843;BOLA;"00째12'3""E";"11째02'1""";49,01;4,95
1844;TOUOGONG;"00째06'1""E";"10째55'1""";49,8;6,4
1845;KONKONGBANE;"00째04'1""E";"10째49'2""";49,07;9
1846;YEMBOATE MOSSI;"00째18'2""E";"11째02'4""";55,09;11
1847;TCHANDANA;"00째07'0""E";"10째55'3""";61,34;0,477
1848;DJAPIENI;"00째08'4""E";"10째57'1""";67,29;15
1849;TCHANDANA;"00째06'4""E";"10째55'1""";61,29;4,4
1850;KOURIENTRE CENTRE;"00째11'0""E";"11째01'3""";61,33;1,32
1851;TCHANGUI;"00째02'3""E";"10째49'4""";67,29;15
1852;KAMBELI;"00째09'4""E";"10째57'3""";;
1853;NAKI OUEST;"00째05'3""E";"10째54'3""";;
1854;KOUNTONG - BONG;"00째13'2""E";"10째53'3""";;
1855;SIBORTOTI;"00째12'2""E";"10째55'0""";;
1856;KORBONGOU CENTRE;"00째18'3""E";"10째54'3""";49,32;3,6
1857;OBITENLEGOU I;"00째16'3""E";"10째56'1""";49,29;4,05
1858;DONTOUGOU;"00째06'2""E";"10째57'1""";67,59;0,514
1859;MARGBA;"00째15'2""E";"10째59'4""";37,04;4,98
1860;TAMI CENTRE;"00째05'0""E";"10째49'2""";61,5;6
1861;PANA CENTRE;"00째14'5""E";"10째45'5""";135,1;6
1862;MAKOU;"00째03'2""E";"10째48'4""";50,09;1
1863;KONKONGUE;"00째05'0""E";"10째50'3""";42,97;1,851
1864;DJADOUT-GBANE;"00째04'5""E";"10째52'3""";85,9;0,728
1865;NAKPAGLI;"00째10'0""E";"10째47'1""";92,07;
1866;NANOUME;"00째10'4""E";"10째58'1""";42,6;1,661
1867;TCHIEGLE I;"00째16'0""E";"11째02'3""";44,42;5,4
1868;TINDJOTE;"00째06'0""E";"10째54'2""";;
1869;NAKPAGLI;"00째10'0""E";"10째47'0""";79,73;0,924
1870;DJAKAOGUE;"00째19'0""E";"10째50'2""";92,03;1,317
1871;NAMONGUE;"00째00'5""E";"10째51'0""";43,18;5,006
1872;DJAPIENI;"00째08'4""E";"10째53'2""";;
1873;KAMELAGOU;"00째16'3""E";"10째42'5""";55,35;2,4
1874;NANOUME;"00째10'0""E";"10째58'4""";55,55;8
1875;IDONDJOAGA;"00째19'4""E";"10째59'3""";48,26;4,8
1876;BONGDOURE;"00째00'2""E";"10째48'1""";55,35;1,2
1877;KONKONMONGUE;"00째00'3""E";"10째52'2""";55,28;1,56
1878;SANFATOUTE CENTRE;"00째17'5""E";"11째00'3""";49,37;5,2
1879;LOUANGA CENTRE;"00째19'1""E";"10째54'0""";49,5;10,9
1880;BAGNE-CENTRE I;"00째18'2""E";"10째56'1""";49,16;8,5
1881;DASSOUTE KOUNKOGUE;"00째02'0""E";"10째46'2""";55;3,6
1882;DASSOUTE-BAGOU I;"00째02'2""E";"10째46'2""";60;1,7
1883;BOUTASSOUGOU;"00째00'5""E";"10째45'5""";73,86;1
1884;KALIYATA;"00째22'0""E";"11째00'4""";85,82;5,4
1885;TONTE;"00째05'3""E";"10째49'3""";49,22;9,25
1886;WAGANTE;"00째06'1""E";"10째52'2""";50,27;21,6
1887;MOLBAGOU;"00째18'4""E";"10째44'2""";73,54;1,08
1888;OUBIAGOU;"00째20'5""E";"10째56'5""";48,92;3,8
1889;DASSOUTE CENTRE;"00째01'4""E";"10째45'4""";53;3,9
1890;NAMPANTE;"00째06'3""E";"10째52'0""";49,22;6,5
1891;NABOALE;"00째17'5""E";"10째40'3""";91,84;
1892;TANTOATRE  I;"00째10'1""E";"10째56'0""";42,07;2,8
1893;WALOAGUE;"00째19'1""E";"11째00'3""";43;2,164
1894;NANOUME;"00째10'1""E";"10째58'1""";46,06;0,708
1895;OBITENLEGOU I;"00째16'2""E";"10째55'4""";43,15;1,5
1896;TANTOGA I;"00째20'1""E";"10째57'4""";49,2;6,8
1897;DALAGOU;"00째13'3""E";"10째59'0""";49,06;6
1898;NAMBONGA BAS;"00째16'0""E";"10째52'5""";37,06;1,6
1899;BAGNAME-KANTINDI;"00째17'2""E";"10째56'0""";42,96;5,5
1900;OBITENLEGOU  II;"00째16'3""E";"10째56'2""";50;0,8
1901;OBITENLEGOU  III;"00째17'1""E";"10째56'1""";55,26;8
1902;NABOALE;"00째17'5""E";"10째40'3""";79,95;
1903;TAMBIGOU;"00째18'5""E";"10째41'1""";140,78;
1904;KOUMBIANBAGOU;"00째15'1""E";"10째43'2""";104,16;
1905;KPENTOUOGOU;"00째16'4""E";"10째40'3""";;
1906;KPARGOU;"00째13'2""E";"10째51'3""";58,2;0,8
1907;TANTIGOU;"00째11'3""E";"10째51'2""";52,2;5,14
1908;TANTIGOU;"00째11'3""E";"10째51'2""";48;4
1909;DAPANKPERGOU;"00째13'2""E";"10째50'2""";69,9;1,3
1910;TIALE;"00째16'4""E";"10째52'2""";57,8;3
1911;TOMONLE II;"00째19'4""E";"10째50'1""";46,1;1,2
1912;OUBIAGOU;"00째22'0""E";"10째56'2""";46;0,82
1913;GBANWAG;"00째17'2""E";"10째42'2""";79,47;0,8
1914;GBARGOU-GBANGBAGOU;"00째19'0""E";"10째55'2""";49,02;1,4
1915;KPENTOUOGOU;"00째14'1""E";"10째44'2""";79,75;0,8
1916;TOUMONE;"00째11'0""E";"10째51'5""";49;3,6
1917;NANDJAK;"00째05'4""E";"10째59'2""";43,05;2,4
1918;BONGDOURE;"00째00'3""E";"10째48'0""";61,42;4,6
1919;YENDONGOU;"00째19'4""E";"10째41'1""";83;0,8
1920;KPEGUIBONGUE;"00째14'1""E";"10째58'4""";46;3,2
1921;KABILAGOU  II;"00째17'4""E";"10째54'5""";55,19;1,7
1922;YANYANE II;"00째09'3""E";"10째50'2""";40;3,4
1923;TIEROU;"00째17'4""E";"10째45'5""";73,94;0,9
1924;BABOGOU;"00째09'1""E";"10째56'0""";49,14;5,4
1925;BAGNAME SANFATOUTE III;"00째17'2""E";"10째56'5""";43,14;1
1926;BAGNAME-TALBOUNTE;"00째17'1""E";"10째57'0""";43,08;10,8
1927;DALAGOU;"00째13'4""E";"10째59'2""";43,06;3,6
1928;GNOUMPIONG;"00째17'5""E";"10째59'4""";42,78;1,8
1929;IDONDJOAGA;"00째19'3""E";"10째59'4""";42,75;2,5
1930;SANFATOUTE II;"00째17'5""E";"10째56'0""";;
1931;SANFATOUTE II;"00째17'5""E";"10째57'0""";;
1932;DAKPANTE III;"00째15'3""E";"10째55'3""";43,75;6,545
1933;TANLOTRE;"00째15'4""E";"10째51'2""";49,01;1,224
1934;TOSSIOGUE;"00째16'2""E";"10째51'2""";39,87;3,6
1935;TIMANGA;"00째14'1""E";"10째54'0""";45;1,242
1936;SANLEGDJIMOI;"00째15'0""E";"10째56'3""";42,84;3,272
1937;NAMONGOU;"00째14'3""E";"10째54'3""";42,92;4,5
1938;LOUANGA CENTRE;"00째19'4""E";"10째55'5""";39,98;9
1939;TANTOGA II;"00째19'4""E";"10째58'2""";42,81;9
1940;TANTOGA II;"00째20'4""E";"10째57'2""";39,96;2,5
1941;NADJOU;"00째22'2""E";"11째00'2""";39,83;8,2
1942;NATIGOU I;"00째16'1""E";"10째58'4""";45,86;3,272
1943;NATIGOU I;"00째15'5""E";"11째00'2""";36,85;2,424
1944;NATIGOU I;"00째17'1""E";"10째59'5""";42,86;7,2
1945;KPASSONG;"00째16'4""E";"11째01'3""";36,82;6
1946;TIDJOATE I;"00째16'5""E";"10째57'2""";36,83;3,6
1947;TOUMONE;"00째11'1""E";"10째52'1""";45,7;6,91
1948;NAKOLGOU;"00째10'4""E";"10째54'5""";39,82;6,7
1949;SIBORTOTI;"00째11'2""E";"10째54'5""";41,73;9
1950;KAMDONE;"00째11'5""E";"10째54'5""";39,65;4,5
1951;TANGBARE;"00째17'1""E";"10째48'1""";45,89;1,141
1952;BABONA I;"00째18'2""E";"10째49'1""";42,84;9,36
1953;KOBOATE;"00째12'1""E";"10째55'5""";39,65;12
1954;NAMBONGUE;"00째12'3""E";"10째56'1""";39,74;2,25
1955;KPADJENTA;"00째12'4""E";"10째57'2""";39,79;9
1956;TANTIGOU BARRAGE;"00째09'5""E";"10째52'4""";41,72;12
1957;KAMBELI;"00째09'4""E";"10째57'3""";42,6;1,565
1958;SEOSAMBIANI;"00째07'1""E";"10째38'1""";42;1,5
1959;KONSOGOU;"00째10'1""E";"10째54'2""";40,6;9
1960;GNINYETGOU;"00째08'4""E";"10째54'0""";50;0,818
1961;BOLA;"00째12'5""E";"11째02'3""";42,68;0,9
1962;DJAKPAGA I;"00째13'5""E";"11째03'2""";39,62;12
1963;POLATIGOU;"00째04'1""E";"10째50'4""";63,6;1,8
1964;BANKATIMOAGA;"00째13'0""E";"11째01'2""";39,65;3,272
1965;DJAGLE KOANE;"00째15'1""E";"11째03'0""";42;1,635
1966; YAMBANGBONG;"00째17'1""E";"11째03'0""";39,79;9
1967;KPEGUIBONGUE;"00째13'5""E";"10째58'5""";45,81;9
1968;KOURIENTRE CENTRE;"00째13'1""E";"10째59'1""";39,78;12
1969;KPONG  II;"00째12'3""E";"10째58'5""";42,81;9
1970;WALDJOAGUE;"00째21'2""E";"11째02'3""";45;1,225
1971;BOALE;"00째21'4""E";"11째01'4""";40;2,2
1972;SANFATOUTE CENTRE;"00째18'1""E";"10째59'5""";51,83;0,82
1973;TIEROU;"00째17'4""E";"10째45'3""";42,79;1,2
1974;YOK;"00째19'0""E";"10째45'5""";49,75;0,8
1975;PANA CENTRE;"00째16'2""E";"10째45'0""";42;6,8
1976;NALOAGUE I;"00째16'0""E";"10째46'5""";81,75;8
1977;GNABADJOANI;"00째07'3""E";"10째58'0""";39,83;4,5
1978;KONGO-KPAKOATE;"00째02'3""E";"10째59'1""";39,93;6
1979;KONGO MOBA;"00째02'5""E";"10째59'0""";43,58;5,15
1980;BOUYEME;"00째06'0""E";"10째57'1""";50,31;4
1981;NAMARE;"00째06'4""E";"10째59'2""";42,73;12
1982;WARKAMBOU CENTRE;"00째02'2""W";"10째47'2""";40,27;12,38
1983;WARKAMBOU CENTRE;"00째01'3""W";"10째47'4""";38,7;9
1984;LOTOGOU CENTRE;"00째02'4""E";"10째47'2""";42,66;1,4
1985;KPADENTAGUE;"00째03'5""E";"11째00'0""";39,77;1,285
1986;DJAPIENI;"00째08'4""E";"10째53'2""";49,15;0,562
1987;KONKONMONGUE;"00째00'4""E";"10째52'4""";48,68;15,88
1988;KOULMASSI;"00째04'3""E";"10째48'4""";67,42;3,08
1989;NAKIDATE  I;"00째02'1""E";"10째49'1""";77,54;
1990;TONTE;"00째05'5""E";"10째47'5""";73,62;0,912
1991;DJANGOU;"00째15'0""E";"10째48'4""";91,77;0,9
1992;NANMONGOU-YAMGA;"00째01'3""E";"10째51'1""";85,67;0,72
1993;TCHANGUI;"00째01'4""E";"10째49'3""";72,25;6,45
1994;GNOUMPIONG;"00째17'0""E";"11째00'1""";54,6;1,44
1995;TANNINKAOG;"00째11'1""E";"10째58'1""";60;14,6
1996;TANLOGUE;"00째00'2""W";"10째54'2""";91,47;0,72
1997;DJOHOUNGOU;"00째02'2""E";"10째56'4""";54,7;5
1998;POISSONGUI CENTRE;"00째13'4""E";"11째02'3""";54,84;6
1999; YAMBANGBONG;"00째14'2""E";"11째02'2""";49,85;4
2000;KOURIENTRE CENTRE;"00째13'4""E";"11째00'5""";64,97;3
2001;KPATOTI  II;"00째15'0""E";"11째02'1""";64,79;0,9
2002;TCHIEGLE I;"00째15'5""E";"11째02'3""";55,43;7
2003;NAMPANTE;"00째07'0""E";"10째51'5""";54,23;5,143
2004;NAGRE II;"00째06'3""E";"10째50'2""";55,33;8,058
2005;MANDIME I;"00째07'1""E";"10째48'1""";49,78;1,6
2006;KOURDJOAK;"00째08'3""E";"10째47'4""";80,03;0
2007;GOANI;"00째08'5""E";"10째48'5""";90;0
2008;GBATANAGUE;"00째05'4""E";"10째51'3""";55,1;7,2
2009;KONKONGUE;"00째05'1""E";"10째50'2""";49,9;12
2010;KOULMASSI;"00째04'5""E";"10째48'3""";47,91;7
2011;NANERGOU CENTRE;"00째09'0""E";"10째54'3""";55,39;7,2
2012;MAKOU;"00째03'2""E";"10째48'2""";49,6;11,5
2013;TCHANGUI;"00째02'4""E";"10째50'1""";55;2,5
2014;DJAKAOGUE;"00째19'0""E";"10째50'2""";39,85;2,2
2015;DJABLAKPIAGOU;"00째17'1""E";"10째55'2""";62,77;3,6
2016;DAKPANTE  I;"00째15'3""E";"10째55'0""";79,8;0,8
2017;TIMANGUE;"00째15'5""E";"10째58'3""";49,82;0,8
2018;MATIGA;"00째15'3""E";"10째58'2""";79,82;0,8
2019;PANA CENTRE;"00째14'2""E";"10째46'3""";65;4,2
2020;TOUGUIBEME;"00째00'1""E";"10째53'1""";49,75;12
2021;WANGBANE;"00째06'0""E";"10째50'2""";55,22;1,8
2022;TOAGA-CENTRE;"00째15'0""E";"10째53'0""";59,8;6,75
2023;PANA CENTRE;"00째16'1""E";"10째46'0""";54,35;5,142
2024;TANGBARE;"00째15'3""E";"10째49'1""";55,22;2,118
2025;NATCHIANE-KOINE;"00째14'0""E";"10째57'3""";49,75;3
2026;TANTOATRE II;"00째11'1""E";"10째53'4""";54,84;2,8
2027;BOULKOUGUE;"00째13'5""E";"10째49'0""";99,7;
2028;KONGBANE;"00째12'5""E";"10째54'2""";57,7;3
2029;KONI;"00째12'3""E";"10째53'2""";54,82;4,5
2030;NAGBONGOU EST;"00째11'2""E";"10째56'3""";51,85;2
2031;NAPIEMBOUG;"00째11'3""E";"10째48'3""";49,71;21
2032;TANTOATRE  I;"00째10'4""E";"10째56'0""";54,65;9
2033;DINDENGUE;"00째08'3""E";"10째57'4""";54,58;1,5
2034;MANDJOAK;"00째04'1""E";"10째51'5""";65;1,09
2035;DIYOGUE;"00째18'1""E";"10째46'2""";61,11;3,27
2036;BABOGOU;"00째19'2""E";"10째39'4""";;
2037;GNABADJOANI;"00째07'4""E";"10째58'4""";40,1;12
2038;TCHANDANA;"00째06'3""E";"10째55'3""";70;2,7
2039;DJAPIENI;"00째08'3""E";"10째58'5""";54,95;1,625
2040;NAPIEMBOUG;"00째11'3""E";"10째48'2""";;
2041;TANLOTRE;"00째15'4""E";"10째51'3""";61,31;1,905
2042;TANTIGOU;"00째11'2""E";"10째51'4""";;
2043;TANTIGOU;"00째11'2""E";"10째51'4""";39,77;7,673
2044;NAKI OUEST;"00째05'4""E";"10째54'5""";;
2045;NABOAGBANE;"00째01'2""E";"10째53'1""";;
2046;KPONG  III;"00째12'2""E";"10째58'5""";;
2047;BADORE II;"00째15'0""E";"10째52'5""";;
2048;KATANTCHIOGUE;"00째14'0""E";"10째57'3""";54,78;8
2049;DORE;"00째10'3""E";"10째52'2""";55,2;7,2
2050;LOTOGOU CENTRE;"00째01'1""E";"10째47'4""";69,45;
2051;KOMBONLOAGA;"00째11'1""E";"10째52'2""";;2,5
2052;NAMBONGA BAS;"00째15'5""E";"10째53'0""";;2,5
2053;LOCKTE;"00째03'3""E";"10째54'5""";;2,4
2054;NAMONDOUGBA;"00째08'1""E";"10째57'1""";;3,927
2055;BOULKOUGUE;"00째13'5""E";"10째49'2""";79,88;0,923
2056;TANKOMONLE;"00째18'2""E";"10째54'4""";65,35;1,2
2057;KAMBELI;"00째09'3""E";"10째57'0""";42,96;2,4
2058;DJAPKERENAAG;"00째09'1""E";"10째51'3""";43,34;4,9
